dataset,name,path,height,width,mean,std,p01,p05,p25,p50,p75,p95,p99,contrast_95_05,entropy,edge_mean,edge_std,edge_p95,lap_var,fft_high_ratio,gx_abs_mean,gy_abs_mean,grad_anisotropy,cluster
official_val,0042.png,/home/lkc/lkcproject/rcwn/超分竞赛数据集/训练数据集/input_320/0042.png,256,320,0.5165545344352722,0.2605098783969879,0.0,0.003921568859368563,0.33725491166114807,0.529411792755127,0.7137255072593689,0.9254902005195618,1.0,0.9215686316601932,7.732940275455046,0.3165222108364105,0.4982052445411682,1.4067120552062988,0.29860493540763855,0.06898571913782099,0.20675139129161835,0.18438640236854553,0.05717930940343855,0
official_val,0068.png,/home/lkc/lkcproject/rcwn/超分竞赛数据集/训练数据集/input_320/0068.png,256,320,0.3364222049713135,0.20866376161575317,0.003921568859368563,0.07450980693101883,0.21176470816135406,0.3019607961177826,0.4000000059604645,0.8627451062202454,1.0,0.7882352992892265,7.296064352934831,0.2618919014930725,0.5077815651893616,1.3098087310791016,0.2218991219997406,0.07130259131466705,0.12558862566947937,0.1907118260860443,0.20589031743432426,1
official_val,0112.png,/home/lkc/lkcproject/rcwn/超分竞赛数据集/训练数据集/input_320/0112.png,256,320,0.3982013761997223,0.11608318984508514,0.13333334028720856,0.18039216101169586,0.3450980484485626,0.40392157435417175,0.47058823704719543,0.5803921818733215,0.7019608020782471,0.40000002086162567,6.536794187848355,0.05247540399432182,0.11326815187931061,0.2869451940059662,0.005634943954646587,0.01685725231992797,0.040007948875427246,0.0190489050000906,0.35489604508081096,2
official_val,0253.png,/home/lkc/lkcproject/rcwn/超分竞赛数据集/训练数据集/input_320/0253.png,256,320,0.4714505076408386,0.29778018593788147,0.0,0.0,0.22745098173618317,0.5137255191802979,0.6941176652908325,0.9450980424880981,1.0,0.9450980424880981,7.38673590523642,0.3617156147956848,0.5707635879516602,1.568676471710205,0.44151630997657776,0.06742359655682384,0.2010301798582077,0.23478448390960693,0.07745105169151038,0
official_val,0288.png,/home/lkc/lkcproject/rcwn/超分竞赛数据集/训练数据集/input_320/0288.png,256,320,0.4437398314476013,0.20917895436286926,0.09803921729326248,0.11372549086809158,0.3333333432674408,0.42352941632270813,0.5921568870544434,0.8196078538894653,0.8705882430076599,0.7058823630213737,7.183664997275402,0.1991410255432129,0.3057202100753784,0.8737629652023315,0.08825692534446716,0.037091367647948265,0.11481382697820663,0.127696231007576,0.05312111232155409,2
official_val,0296.png,/home/lkc/lkcproject/rcwn/超分竞赛数据集/训练数据集/input_320/0296.png,256,320,0.38722482323646545,0.22168280184268951,0.007843137718737125,0.06666667014360428,0.16470588743686676,0.4117647111415863,0.5529412031173706,0.7529411911964417,0.8470588326454163,0.6862745210528374,7.570655116354021,0.2541012167930603,0.42968589067459106,1.1228753328323364,0.442284494638443,0.07121670463128202,0.12382741272449493,0.18078425526618958,0.18698181496920357,1
official_val,0297.png,/home/lkc/lkcproject/rcwn/超分竞赛数据集/训练数据集/input_320/0297.png,256,320,0.5442489385604858,0.20753049850463867,0.11372549086809158,0.125490203499794,0.40392157435417175,0.545098066329956,0.7137255072593689,0.8705882430076599,0.9215686321258545,0.7450980395078659,7.425345289367801,0.1674787998199463,0.23110413551330566,0.6786942481994629,0.03790591284632683,0.01947244609704939,0.11229214817285538,0.09785519540309906,0.06869919230998182,0
official_val,0342.png,/home/lkc/lkcproject/rcwn/超分竞赛数据集/训练数据集/input_320/0342.png,256,320,0.42588096857070923,0.22678011655807495,0.0,0.06666667014360428,0.29019609093666077,0.40784314274787903,0.5372549295425415,0.8901960849761963,1.0,0.823529414832592,7.653313744055023,0.4010109007358551,0.6359150409698486,1.7938116788864136,0.4536224901676178,0.13299281098891297,0.26614007353782654,0.2210264503955841,0.0926041115838429,1
official_val,0364.png,/home/lkc/lkcproject/rcwn/超分竞赛数据集/训练数据集/input_320/0364.png,256,320,0.3421211242675781,0.1706114411354065,0.062745101749897,0.11372549086809158,0.18039216101169586,0.3490196168422699,0.4745098054409027,0.6352941393852234,0.7137255072593689,0.5215686485171318,7.2450081909980035,0.162693589925766,0.2686813175678253,0.7078404426574707,0.07010424137115479,0.04329342853499143,0.08191602677106857,0.11702919006347656,0.1764966449110974,2
official_val,0477.png,/home/lkc/lkcproject/rcwn/超分竞赛数据集/训练数据集/input_320/0477.png,256,320,0.4825552999973297,0.25116056203842163,0.0,0.0,0.32156863808631897,0.5098039507865906,0.6745098233222961,0.8470588326454163,0.9411764740943909,0.8470588326454163,7.547678923100495,0.2181377410888672,0.4230373501777649,1.0836232900619507,0.20732824504375458,0.04796304490166281,0.12699176371097565,0.1371418833732605,0.03842796922819843,0
official_val,0491.png,/home/lkc/lkcproject/rcwn/超分竞赛数据集/训练数据集/input_320/0491.png,256,320,0.46495217084884644,0.2675056457519531,0.05098039284348488,0.10980392247438431,0.23529411852359772,0.4156862795352936,0.686274528503418,0.95686274766922,1.0,0.8470588251948357,7.812660581308989,0.4255957007408142,0.5827702283859253,1.7384577989578247,0.31488236784935,0.06529486222758503,0.22182388603687286,0.30226650834083557,0.1534899764752953,0
official_val,0594.png,/home/lkc/lkcproject/rcwn/超分竞赛数据集/训练数据集/input_320/0594.png,256,320,0.3579544425010681,0.19440054893493652,0.0,0.007843137718737125,0.23137255012989044,0.42352941632270813,0.501960813999176,0.572549045085907,0.6823529601097107,0.5647059073671699,6.9698932738750665,0.2139844447374344,0.3923381268978119,1.007189154624939,0.21093609929084778,0.07736427392858995,0.09626039117574692,0.16586248576641083,0.26553231599858756,2
official_val,0634.png,/home/lkc/lkcproject/rcwn/超分竞赛数据集/训练数据集/input_320/0634.png,256,320,0.3456362783908844,0.1888103038072586,0.0,0.003921568859368563,0.21568627655506134,0.4156862795352936,0.48627451062202454,0.5529412031173706,0.6549019813537598,0.549019634258002,6.912764016356039,0.2055644541978836,0.3838718831539154,0.9950898289680481,0.19903364777565002,0.07817189773984975,0.09230785071849823,0.15960697829723358,0.26715032156575663,2
official_val,0639.png,/home/lkc/lkcproject/rcwn/超分竞赛数据集/训练数据集/input_320/0639.png,256,320,0.4246642589569092,0.24517884850502014,0.0,0.08627451211214066,0.22745098173618317,0.37254902720451355,0.6196078658103943,0.8549019694328308,0.9686274528503418,0.7686274573206902,7.784976684300177,0.41699886322021484,0.5116565823554993,1.5313260555267334,0.19345898926258087,0.043413592270361255,0.1300761103630066,0.36864620447158813,0.4783625817659778,1
official_val,0685.png,/home/lkc/lkcproject/rcwn/超分竞赛数据集/训练数据集/input_320/0685.png,256,320,0.5141221284866333,0.26427513360977173,0.0,0.0,0.364705890417099,0.545098066329956,0.7019608020782471,0.9254902005195618,1.0,0.9254902005195618,7.542919351136012,0.32764631509780884,0.5264748334884644,1.4555513858795166,0.372763454914093,0.07804161567710272,0.2013874500989914,0.20225182175636292,0.0021414458840894744,0
official_val,0699.png,/home/lkc/lkcproject/rcwn/超分竞赛数据集/训练数据集/input_320/0699.png,256,320,0.2652832567691803,0.19238290190696716,0.007843137718737125,0.05098039284348488,0.12941177189350128,0.21568627655506134,0.3529411852359772,0.686274528503418,0.9019607901573181,0.6352941356599331,7.337497262677013,0.3497543931007385,0.4508330523967743,1.2865089178085327,0.2272072732448578,0.07425901275308701,0.12252030521631241,0.28148967027664185,0.39347881167132664,2
official_val,0759.png,/home/lkc/lkcproject/rcwn/超分竞赛数据集/训练数据集/input_320/0759.png,256,320,0.47686251997947693,0.3059427738189697,0.0,0.007843137718737125,0.21176470816135406,0.49803921580314636,0.729411780834198,0.9647058844566345,1.0,0.9568627467378974,7.7810312046782535,0.6599457859992981,0.7174980044364929,2.1436047554016113,1.1051242351531982,0.1510331007112339,0.4038037359714508,0.38683316111564636,0.02146443572052893,1
official_val,0793.png,/home/lkc/lkcproject/rcwn/超分竞赛数据集/训练数据集/input_320/0793.png,256,320,0.5061964392662048,0.3265947103500366,0.0,0.0,0.21960784494876862,0.5098039507865906,0.800000011920929,0.9960784316062927,1.0,0.9960784316062927,7.639185437519556,1.228757619857788,1.1774287223815918,3.6838748455047607,2.5172767639160156,0.18937794938370286,0.3342548906803131,1.1046273708343506,0.5353964676325162,3
official_val,0822.png,/home/lkc/lkcproject/rcwn/超分竞赛数据集/训练数据集/input_320/0822.png,256,320,0.44434747099876404,0.2243160456418991,0.13725490868091583,0.1568627506494522,0.2235294133424759,0.4274509847164154,0.6235294342041016,0.8274509906768799,0.929411768913269,0.6705882400274277,7.488152536519028,0.05079728364944458,0.07307332754135132,0.16637808084487915,0.003521278500556946,0.012923475773052947,0.03698400408029556,0.027271319180727005,0.15115766922707702,2
official_val,0854.png,/home/lkc/lkcproject/rcwn/超分竞赛数据集/训练数据集/input_320/0854.png,256,320,0.5176376700401306,0.29634007811546326,0.0,0.0,0.27843138575553894,0.5529412031173706,0.7450980544090271,0.9803921580314636,1.0,0.9803921580314636,7.722192515233085,0.8282712697982788,0.806377649307251,2.465705156326294,1.6529279947280884,0.25129195578001906,0.5772610902786255,0.4594900608062744,0.11359623700355724,3
official_val,0977.png,/home/lkc/lkcproject/rcwn/超分竞赛数据集/训练数据集/input_320/0977.png,256,320,0.37882959842681885,0.18252629041671753,0.007843137718737125,0.07058823853731155,0.21568627655506134,0.4156862795352936,0.5176470875740051,0.6392157077789307,0.7411764860153198,0.5686274692416191,7.401806801219668,0.19927044212818146,0.3594803512096405,0.8214784264564514,0.1471443921327591,0.06239189497684218,0.09506750106811523,0.14567843079566956,0.21022548267270505,2
official_val,0986.png,/home/lkc/lkcproject/rcwn/超分竞赛数据集/训练数据集/input_320/0986.png,256,320,0.4756913185119629,0.24679650366306305,0.0,0.0,0.3529411852359772,0.5254902243614197,0.6549019813537598,0.7882353067398071,0.9254902005195618,0.7882353067398071,7.172944771614989,0.22123439610004425,0.41658300161361694,1.1368180513381958,0.21482184529304504,0.04898948627077073,0.12742824852466583,0.13791701197624207,0.03952873863952187,0
official_val,1032.png,/home/lkc/lkcproject/rcwn/超分竞赛数据集/训练数据集/input_320/1032.png,256,320,0.4091044068336487,0.10647669434547424,0.0784313753247261,0.20392157137393951,0.3686274588108063,0.42352941632270813,0.45490196347236633,0.5529412031173706,0.7176470756530762,0.3490196317434311,6.328243100526989,0.05650637671351433,0.11130744963884354,0.2045239806175232,0.005156154744327068,0.015585457786975655,0.021932875737547874,0.04421621561050415,0.3368653963167777,2
official_val,1041.png,/home/lkc/lkcproject/rcwn/超分竞赛数据集/训练数据集/input_320/1041.png,256,320,0.5229374170303345,0.2964683175086975,0.0,0.0,0.3607843220233917,0.5882353186607361,0.7176470756530762,0.9607843160629272,1.0,0.9607843160629272,6.94564047380592,0.337350457906723,0.5487157106399536,1.5427757501602173,0.48995351791381836,0.0747549450430216,0.23369097709655762,0.17602543532848358,0.14074501293897793,0
official_val,1044.png,/home/lkc/lkcproject/rcwn/超分竞赛数据集/训练数据集/input_320/1044.png,256,320,0.4280257225036621,0.12238488346338272,0.1411764770746231,0.23529411852359772,0.32549020648002625,0.4470588266849518,0.5176470875740051,0.6039215922355652,0.6745098233222961,0.36862747371196747,6.828886932993168,0.08532671630382538,0.13276417553424835,0.33902856707572937,0.013774752616882324,0.01526596407642576,0.05807929113507271,0.04583319276571274,0.11785011684498291,2
official_val,1171.png,/home/lkc/lkcproject/rcwn/超分竞赛数据集/训练数据集/input_320/1171.png,256,320,0.42101535201072693,0.27244141697883606,0.0,0.0470588244497776,0.14509804546833038,0.4313725531101227,0.6196078658103943,0.9098039269447327,1.0,0.8627451024949551,7.737133337872128,0.4716610908508301,0.6806021928787231,1.9488989114761353,0.784092903137207,0.13951257133349224,0.2905145585536957,0.28190550208091736,0.015039753259579855,1
official_val,1177.png,/home/lkc/lkcproject/rcwn/超分竞赛数据集/训练数据集/input_320/1177.png,256,320,0.46368375420570374,0.16705648601055145,0.09803921729326248,0.25882354378700256,0.34117648005485535,0.4313725531101227,0.5921568870544434,0.7764706015586853,0.8078431487083435,0.5176470577716827,7.1237163248314275,0.22430196404457092,0.34764209389686584,1.0544463396072388,0.09880656749010086,0.07241231382858984,0.16469156742095947,0.1045779213309288,0.22324715053557703,2
official_val,1193.png,/home/lkc/lkcproject/rcwn/超分竞赛数据集/训练数据集/input_320/1193.png,256,320,0.4892764985561371,0.19988006353378296,0.03921568766236305,0.1764705926179886,0.32156863808631897,0.4901960790157318,0.6313725709915161,0.8274509906768799,0.9607843160629272,0.6509803980588913,7.526302656534436,0.22666576504707336,0.32138675451278687,0.9658529758453369,0.07612556219100952,0.031132775435487047,0.10543739795684814,0.17094002664089203,0.237004266102346,0
official_val,1222.png,/home/lkc/lkcproject/rcwn/超分竞赛数据集/训练数据集/input_320/1222.png,256,320,0.443200021982193,0.3013673722743988,0.0,0.027450980618596077,0.14901961386203766,0.45490196347236633,0.7019608020782471,0.9333333373069763,1.0,0.9058823566883802,7.848441126304716,0.48116859793663025,0.6437528133392334,1.9021917581558228,0.755865752696991,0.11217668874419745,0.3044533133506775,0.2837793827056885,0.03514583732524787,1
official_val,1225.png,/home/lkc/lkcproject/rcwn/超分竞赛数据集/训练数据集/input_320/1225.png,256,320,0.5628405213356018,0.15761759877204895,0.23529411852359772,0.30588236451148987,0.4470588266849518,0.5607843399047852,0.686274528503418,0.8156862854957581,0.8392156958580017,0.5098039209842682,7.261080278749714,0.2916717529296875,0.33457648754119873,0.9625833034515381,0.1150570660829544,0.08187647684202304,0.23211470246315002,0.12373127788305283,0.3045795950108833,2
official_val,1359.png,/home/lkc/lkcproject/rcwn/超分竞赛数据集/训练数据集/input_320/1359.png,256,320,0.4892767369747162,0.22805166244506836,0.003921568859368563,0.125490203499794,0.32549020648002625,0.46666666865348816,0.6705882549285889,0.8588235378265381,0.9960784316062927,0.7333333343267441,7.771189080216031,0.2678529918193817,0.41498520970344543,1.0254426002502441,0.13162259757518768,0.03276818179359327,0.17277570068836212,0.13989999890327454,0.10514313017616715,0
official_val,1365.png,/home/lkc/lkcproject/rcwn/超分竞赛数据集/训练数据集/input_320/1365.png,256,320,0.5259333848953247,0.3066261410713196,0.0,0.03509804084897148,0.30980393290519714,0.5803921818733215,0.7647058963775635,0.9803921580314636,1.0,0.9452941171824921,7.583339598285177,0.4348231852054596,0.6100830435752869,1.693545937538147,0.6788216829299927,0.10051275684374839,0.25974926352500916,0.2822757661342621,0.04155989368869844,0
official_val,1420.png,/home/lkc/lkcproject/rcwn/超分竞赛数据集/训练数据集/input_320/1420.png,256,320,0.4286263585090637,0.13897380232810974,0.10980392247438431,0.21176470816135406,0.32549020648002625,0.4274509847164154,0.5215686559677124,0.6784313917160034,0.7176470756530762,0.46666668355464935,7.107648862093497,0.23436133563518524,0.2684517800807953,0.7843137979507446,0.10716917365789413,0.08461512633009093,0.17529891431331635,0.11277852207422256,0.217026342024884,2
official_val,1463.png,/home/lkc/lkcproject/rcwn/超分竞赛数据集/训练数据集/input_320/1463.png,256,320,0.36903834342956543,0.20026618242263794,0.0,0.062745101749897,0.23529411852359772,0.3450980484485626,0.4901960790157318,0.7215686440467834,0.886274516582489,0.6588235422968864,7.545829061038001,0.1989765167236328,0.40334728360176086,0.918859601020813,0.14588624238967896,0.06002386456967059,0.11655068397521973,0.12349136173725128,0.028914425143440458,2
official_val,1475.png,/home/lkc/lkcproject/rcwn/超分竞赛数据集/训练数据集/input_320/1475.png,256,320,0.44924992322921753,0.2561253607273102,0.0,0.05098039284348488,0.24313725531101227,0.4156862795352936,0.6549019813537598,0.886274516582489,0.9686274528503418,0.8352941237390041,7.871047374286104,0.3910102844238281,0.46456536650657654,1.364728331565857,0.12363140285015106,0.02900872209620481,0.12899145483970642,0.34128618240356445,0.45142424549105165,0
official_val,1495.png,/home/lkc/lkcproject/rcwn/超分竞赛数据集/训练数据集/input_320/1495.png,256,320,0.3868624269962311,0.23605740070343018,0.06666667014360428,0.09803921729326248,0.1882352977991104,0.32549020648002625,0.5803921818733215,0.8078431487083435,0.9411764740943909,0.709803931415081,7.647112506350453,0.2799152135848999,0.39649131894111633,1.1236529350280762,0.13284538686275482,0.043180353723008255,0.17911842465400696,0.17156097292900085,0.021550886014674447,0
official_val,1528.png,/home/lkc/lkcproject/rcwn/超分竞赛数据集/训练数据集/input_320/1528.png,256,320,0.37196749448776245,0.16728106141090393,0.09803921729326248,0.10980392247438431,0.27843138575553894,0.34117648005485535,0.4274509847164154,0.7490196228027344,0.8588235378265381,0.6392157003283501,7.0577218977255605,0.39708027243614197,0.4617157280445099,1.4671930074691772,0.4201475977897644,0.20465884398976458,0.36502957344055176,0.08161889016628265,0.6345273886887103,1
official_val,1611.png,/home/lkc/lkcproject/rcwn/超分竞赛数据集/训练数据集/input_320/1611.png,256,320,0.3057200312614441,0.19457313418388367,0.019607843831181526,0.09019608050584793,0.1921568661928177,0.239215686917305,0.3843137323856354,0.7333333492279053,0.9647058844566345,0.6431372687220573,7.212453230269073,0.31077224016189575,0.5154440999031067,1.4847060441970825,0.47130101919174194,0.14406501606420669,0.17066290974617004,0.20474906265735626,0.09079665918205554,1
official_val,1732.png,/home/lkc/lkcproject/rcwn/超分竞赛数据集/训练数据集/input_320/1732.png,256,320,0.3399169445037842,0.2131950706243515,0.0,0.05882352963089943,0.1568627506494522,0.32549020648002625,0.49803921580314636,0.7098039388656616,0.8784313797950745,0.6509804092347622,7.428759894676826,0.3435523509979248,0.5827270150184631,1.674195647239685,0.6185712814331055,0.151921356000128,0.20226769149303436,0.2128588855266571,0.02551316783825274,1
official_val,1745.png,/home/lkc/lkcproject/rcwn/超分竞赛数据集/训练数据集/input_320/1745.png,256,320,0.5081197023391724,0.29789498448371887,0.0,0.0,0.30588236451148987,0.545098066329956,0.729411780834198,0.9686274528503418,1.0,0.9686274528503418,7.433387233608395,0.45832329988479614,0.6338995099067688,1.7948365211486816,0.6486130952835083,0.09685316983071747,0.28206950426101685,0.2722088694572449,0.01779004065705098,0
initial_test,0000.png,/home/lkc/lkcproject/rcwn/超分竞赛数据集/初赛测试集/input_320/0000.png,256,320,0.3779359459877014,0.14151515066623688,0.07058823853731155,0.1411764770746231,0.24705882370471954,0.3960784375667572,0.5058823823928833,0.5764706134796143,0.6352941393852234,0.43529413640499115,6.892788597477561,0.08540705591440201,0.13863956928253174,0.3178648352622986,0.013643719255924225,0.013537364201121511,0.06394220143556595,0.03669917210936546,0.2706941327071397,2
initial_test,0001.png,/home/lkc/lkcproject/rcwn/超分竞赛数据集/初赛测试集/input_320/0001.png,256,320,0.45086708664894104,0.2989523112773895,0.0,0.03921568766236305,0.11372549086809158,0.47843137383461,0.6941176652908325,0.9411764740943909,1.0,0.9019607864320278,7.721384015932298,0.5376526117324829,0.6353235244750977,1.8756208419799805,0.7851948142051697,0.11756043876540781,0.2903982102870941,0.3705631196498871,0.12128532446888568,1
initial_test,0002.png,/home/lkc/lkcproject/rcwn/超分竞赛数据集/初赛测试集/input_320/0002.png,256,320,0.4376406669616699,0.2858372926712036,0.0,0.03529411926865578,0.10588235408067703,0.4627451002597809,0.6549019813537598,0.9019607901573181,1.0,0.8666666708886623,7.627494684977439,0.43572816252708435,0.6166066527366638,1.7517870664596558,0.6877132058143616,0.10979068717735142,0.23812346160411835,0.29348039627075195,0.10413192802611979,1
initial_test,0003.png,/home/lkc/lkcproject/rcwn/超分竞赛数据集/初赛测试集/input_320/0003.png,256,320,0.33599191904067993,0.12933047115802765,0.062745101749897,0.15294118225574493,0.2666666805744171,0.3176470696926117,0.3960784375667572,0.5411764979362488,0.8627451062202454,0.38823531568050385,6.852507703708513,0.2162977159023285,0.2727871537208557,0.6160808205604553,0.05560912936925888,0.0659587768897345,0.1459595263004303,0.12080355733633041,0.09430078787945649,2
initial_test,0004.png,/home/lkc/lkcproject/rcwn/超分竞赛数据集/初赛测试集/input_320/0004.png,256,320,0.4383440911769867,0.26421818137168884,0.0,0.054901961237192154,0.2235294133424759,0.40392157435417175,0.6392157077789307,0.8980392217636108,1.0,0.8431372605264187,7.850888000084664,0.2523559629917145,0.4385453164577484,1.1226376295089722,0.1784120351076126,0.046420498166726776,0.15981794893741608,0.14675739407539368,0.04260145233361669,0
initial_test,0005.png,/home/lkc/lkcproject/rcwn/超分竞赛数据集/初赛测试集/input_320/0005.png,256,320,0.5244126319885254,0.3029060959815979,0.0,0.0,0.3529411852359772,0.5960784554481506,0.7215686440467834,0.9686274528503418,1.0,0.9686274528503418,6.861133634836991,0.3402653634548187,0.5492365956306458,1.534498691558838,0.5134418606758118,0.07470163929484804,0.2349512130022049,0.17880013585090637,0.135712130744577,0
initial_test,0006.png,/home/lkc/lkcproject/rcwn/超分竞赛数据集/初赛测试集/input_320/0006.png,256,320,0.3690592646598816,0.24092119932174683,0.0,0.003921568859368563,0.23137255012989044,0.3686274588108063,0.4941176474094391,0.8078431487083435,0.8901960849761963,0.8039215798489749,7.233853768934931,0.2785967290401459,0.36739060282707214,1.0863381624221802,0.10882856696844101,0.03510592077342168,0.16737774014472961,0.16970941424369812,0.00691712534462735,0
initial_test,0007.png,/home/lkc/lkcproject/rcwn/超分竞赛数据集/初赛测试集/input_320/0007.png,256,320,0.34157291054725647,0.1754610687494278,0.0313725508749485,0.0784313753247261,0.16470588743686676,0.3921568691730499,0.48235294222831726,0.5686274766921997,0.6901960968971252,0.4901961013674736,7.14264185143265,0.251711368560791,0.42195332050323486,1.0445958375930786,0.31412532925605774,0.12077020457716896,0.12045023590326309,0.18356642127037048,0.20760765529718897,2
initial_test,0008.png,/home/lkc/lkcproject/rcwn/超分竞赛数据集/初赛测试集/input_320/0008.png,256,320,0.5107526183128357,0.13591237366199493,0.2823529541492462,0.33725491166114807,0.3960784375667572,0.49803921580314636,0.6078431606292725,0.7529411911964417,0.8509804010391235,0.4156862795352936,7.00242539218209,0.1897294819355011,0.22228987514972687,0.655476987361908,0.05386645719408989,0.04751083244243424,0.12606537342071533,0.10394249111413956,0.09618315595997076,2
initial_test,0009.png,/home/lkc/lkcproject/rcwn/超分竞赛数据集/初赛测试集/input_320/0009.png,256,320,0.35864609479904175,0.217222198843956,0.003921568859368563,0.07450980693101883,0.13725490868091583,0.3490196168422699,0.5372549295425415,0.7176470756530762,0.8078431487083435,0.6431372687220573,7.524156225276344,0.4411165118217468,0.5015916228294373,1.5059789419174194,0.7434743642807007,0.17161012774173506,0.2539096474647522,0.2837466895580292,0.05549463484146144,1
initial_test,0010.png,/home/lkc/lkcproject/rcwn/超分竞赛数据集/初赛测试集/input_320/0010.png,256,320,0.3338848054409027,0.08095768094062805,0.08235294371843338,0.2235294133424759,0.2862745225429535,0.33725491166114807,0.3764705955982208,0.45490196347236633,0.6000000238418579,0.23137255012989044,6.175142717358322,0.07328713685274124,0.2008703052997589,0.2662627100944519,0.028971875086426735,0.05499864632987608,0.02904052659869194,0.05852850154042244,0.33673977624697576,2
initial_test,0011.png,/home/lkc/lkcproject/rcwn/超分竞赛数据集/初赛测试集/input_320/0011.png,256,320,0.5694711804389954,0.20160064101219177,0.10980392247438431,0.12156862765550613,0.5137255191802979,0.6352941393852234,0.7019608020782471,0.7764706015586853,0.8313725590705872,0.6549019739031792,6.922332272030209,0.17693059146404266,0.2670336365699768,0.7646557092666626,0.09604380279779434,0.04400619200022714,0.11430418491363525,0.1105615645647049,0.016643799056160223,0
initial_test,0012.png,/home/lkc/lkcproject/rcwn/超分竞赛数据集/初赛测试集/input_320/0012.png,256,320,0.36924198269844055,0.20421209931373596,0.0470588244497776,0.10196078568696976,0.1764705926179886,0.3529411852359772,0.5333333611488342,0.7215686440467834,0.8313725590705872,0.6196078583598137,7.477509304388792,0.2460578978061676,0.4105498492717743,1.0886150598526,0.452347993850708,0.08213013961774204,0.1062905564904213,0.18995726108551025,0.28242133656780194,2
initial_test,0013.png,/home/lkc/lkcproject/rcwn/超分竞赛数据集/初赛测试集/input_320/0013.png,256,320,0.4626759886741638,0.24690616130828857,0.09803921729326248,0.10196078568696976,0.25882354378700256,0.4627451002597809,0.686274528503418,0.8196078538894653,0.8745098114013672,0.7176470682024956,7.155690946711827,0.2535227835178375,0.34470871090888977,1.023479700088501,0.11148613691329956,0.034585160536402815,0.18058094382286072,0.13949114084243774,0.12837671558702426,0
initial_test,0014.png,/home/lkc/lkcproject/rcwn/超分竞赛数据集/初赛测试集/input_320/0014.png,256,320,0.7566816210746765,0.13161122798919678,0.21960784494876862,0.5764706134796143,0.6470588445663452,0.8274509906768799,0.8352941274642944,0.8745098114013672,0.9019607901573181,0.29803919792175293,5.233958696342283,0.047584712505340576,0.16498956084251404,0.24957017600536346,0.014482173137366772,0.026285784087930215,0.0307779461145401,0.02705053985118866,0.06445623123455861,2
initial_test,0015.png,/home/lkc/lkcproject/rcwn/超分竞赛数据集/初赛测试集/input_320/0015.png,256,320,0.42537814378738403,0.1781417280435562,0.14901961386203766,0.21176470816135406,0.3019607961177826,0.3686274588108063,0.5254902243614197,0.8078431487083435,0.8901960849761963,0.5960784405469894,7.174656128042747,0.09783075749874115,0.17240852117538452,0.3447858989238739,0.03078806959092617,0.021160247921137167,0.052429817616939545,0.07060374319553375,0.1477151881046079,2
initial_test,0016.png,/home/lkc/lkcproject/rcwn/超分竞赛数据集/初赛测试集/input_320/0016.png,256,320,0.4636412560939789,0.19238893687725067,0.24313725531101227,0.29019609093666077,0.34117648005485535,0.4000000059604645,0.46666666865348816,0.9019607901573181,0.9215686321258545,0.6117646992206573,6.598349879667463,0.1732550412416458,0.2971186935901642,0.8912407159805298,0.13692721724510193,0.04283564010386104,0.10099772363901138,0.09290939569473267,0.041712382567849184,2
initial_test,0017.png,/home/lkc/lkcproject/rcwn/超分竞赛数据集/初赛测试集/input_320/0017.png,256,320,0.293683260679245,0.2507234513759613,0.0,0.027450980618596077,0.1411764770746231,0.20392157137393951,0.32156863808631897,0.9098039269447327,1.0,0.8823529463261366,7.10610109065113,0.3472260534763336,0.7525011301040649,2.3603603839874268,0.4599091410636902,0.1348299866291633,0.17922034859657288,0.21212339401245117,0.08407709599882479,1
initial_test,0018.png,/home/lkc/lkcproject/rcwn/超分竞赛数据集/初赛测试集/input_320/0018.png,256,320,0.40761619806289673,0.1858164519071579,0.13407843828201316,0.2235294133424759,0.2666666805744171,0.3294117748737335,0.5372549295425415,0.7764706015586853,0.8392156958580017,0.5529411882162094,7.102377310793675,0.2790657877922058,0.30067136883735657,0.8600671291351318,0.13730613887310028,0.05730136657314592,0.2099464386701584,0.1325044482946396,0.22614042866672265,2
initial_test,0019.png,/home/lkc/lkcproject/rcwn/超分竞赛数据集/初赛测试集/input_320/0019.png,256,320,0.3573622703552246,0.1859780102968216,0.0,0.03921568766236305,0.2705882489681244,0.364705890417099,0.45098039507865906,0.658823549747467,0.8784313797950745,0.619607862085104,7.293733388431773,0.37376293540000916,0.5058412551879883,1.4687659740447998,0.7077425718307495,0.1972562388912804,0.23015174269676208,0.21167337894439697,0.04182280012446383,1
initial_test,0020.png,/home/lkc/lkcproject/rcwn/超分竞赛数据集/初赛测试集/input_320/0020.png,256,320,0.3799850344657898,0.21278835833072662,0.054901961237192154,0.11764705926179886,0.1568627506494522,0.38823530077934265,0.5333333611488342,0.7411764860153198,0.8509804010391235,0.623529426753521,7.367653009588372,0.24574236571788788,0.4056074023246765,0.9725924730300903,0.4867733120918274,0.07765895215209624,0.1132814884185791,0.1840604543685913,0.23803895705582961,2
initial_test,0021.png,/home/lkc/lkcproject/rcwn/超分竞赛数据集/初赛测试集/input_320/0021.png,256,320,0.40249839425086975,0.19971735775470734,0.019607843831181526,0.09803921729326248,0.24313725531101227,0.3843137323856354,0.5647059082984924,0.729411780834198,0.8470588326454163,0.6313725635409355,7.603006025139794,0.20422956347465515,0.2790035307407379,0.7529687881469727,0.04816465452313423,0.019074039042950342,0.08299426734447479,0.16541948914527893,0.33180618885815977,2
initial_test,0022.png,/home/lkc/lkcproject/rcwn/超分竞赛数据集/初赛测试集/input_320/0022.png,256,320,0.4806520342826843,0.24661022424697876,0.0,0.0,0.3450980484485626,0.4745098054409027,0.6627451181411743,0.8784313797950745,0.9647058844566345,0.8784313797950745,7.434205642420344,0.23544307053089142,0.4588395953178406,1.2320160865783691,0.24239416420459747,0.05670013037308751,0.12348814308643341,0.16017012298107147,0.1293175073061629,0
initial_test,0023.png,/home/lkc/lkcproject/rcwn/超分竞赛数据集/初赛测试集/input_320/0023.png,256,320,0.3570849895477295,0.19967639446258545,0.0,0.03529411926865578,0.1725490242242813,0.40784314274787903,0.47058823704719543,0.6901960968971252,0.8196078538894653,0.6549019776284695,7.302383415450568,0.17071127891540527,0.38899555802345276,0.8840758204460144,0.22142896056175232,0.06641047159873006,0.07690013945102692,0.12749525904655457,0.24753551189229106,2
initial_test,0024.png,/home/lkc/lkcproject/rcwn/超分竞赛数据集/初赛测试集/input_320/0024.png,256,320,0.4887748658657074,0.26268693804740906,0.0,0.0,0.3529411852359772,0.5411764979362488,0.6705882549285889,0.8588235378265381,0.9960784316062927,0.8588235378265381,7.306974116946341,0.3724096715450287,0.5444808006286621,1.5419455766677856,0.4800650179386139,0.09456837769996078,0.23500676453113556,0.2190479040145874,0.03514744285674295,0
initial_test,0025.png,/home/lkc/lkcproject/rcwn/超分竞赛数据集/初赛测试集/input_320/0025.png,256,320,0.42315998673439026,0.23192475736141205,0.0470588244497776,0.10196078568696976,0.1764705926179886,0.43529412150382996,0.572549045085907,0.8509804010391235,0.9450980424880981,0.7490196153521538,7.611676245836428,0.3700699210166931,0.4748534560203552,1.419076919555664,0.23425397276878357,0.06836641397150275,0.17402464151382446,0.2814628779888153,0.2358752586510072,1
initial_test,0026.png,/home/lkc/lkcproject/rcwn/超分竞赛数据集/初赛测试集/input_320/0026.png,256,320,0.6336455941200256,0.15172123908996582,0.14509804546833038,0.3764705955982208,0.5529412031173706,0.6392157077789307,0.729411780834198,0.8901960849761963,0.9490196108818054,0.5137254893779755,7.0989805062707685,0.29097849130630493,0.3636627495288849,1.0557996034622192,0.1162005215883255,0.09034182053500112,0.2136409729719162,0.1516268402338028,0.16977716211525876,0
initial_test,0027.png,/home/lkc/lkcproject/rcwn/超分竞赛数据集/初赛测试集/input_320/0027.png,256,320,0.42161768674850464,0.27810901403427124,0.0,0.07058823853731155,0.15294118225574493,0.42352941632270813,0.6235294342041016,0.9215686321258545,1.0,0.8509803935885429,7.720519775750535,0.47719210386276245,0.6548879742622375,1.9222631454467773,0.8018080592155457,0.13987158840423958,0.2830618619918823,0.30138152837753296,0.031345493314709455,1
initial_test,0028.png,/home/lkc/lkcproject/rcwn/超分竞赛数据集/初赛测试集/input_320/0028.png,256,320,0.3356970548629761,0.18655091524124146,0.062745101749897,0.12156862765550613,0.20000000298023224,0.2980392277240753,0.4117647111415863,0.772549033164978,0.9019607901573181,0.6509804055094719,7.208015403404795,0.1732918918132782,0.268605500459671,0.752998411655426,0.032377831637859344,0.02179094139709259,0.13809287548065186,0.0708014965057373,0.3221311246207199,2
initial_test,0029.png,/home/lkc/lkcproject/rcwn/超分竞赛数据集/初赛测试集/input_320/0029.png,256,320,0.4848037660121918,0.2595217525959015,0.0,0.0,0.30588236451148987,0.5215686559677124,0.6666666865348816,0.9019607901573181,1.0,0.9019607901573181,7.571293570523979,0.3279692232608795,0.5215495824813843,1.4787023067474365,0.3140292465686798,0.0701874132853944,0.19867853820323944,0.2026228904724121,0.009828901636830846,0
initial_test,0030.png,/home/lkc/lkcproject/rcwn/超分竞赛数据集/初赛测试集/input_320/0030.png,256,320,0.4502910077571869,0.29149606823921204,0.0,0.003921568859368563,0.12941177189350128,0.4941176474094391,0.6823529601097107,0.8980392217636108,0.9960784316062927,0.8941176529042423,7.71129002260534,0.4357575476169586,0.5712332725524902,1.6684536933898926,0.5367444753646851,0.08961884266958901,0.2935902178287506,0.24542999267578125,0.08934771686555239,1
initial_test,0031.png,/home/lkc/lkcproject/rcwn/超分竞赛数据集/初赛测试集/input_320/0031.png,256,320,0.3355204463005066,0.18779316544532776,0.0235294122248888,0.0784313753247261,0.1411764770746231,0.3529411852359772,0.501960813999176,0.6000000238418579,0.7411764860153198,0.5215686485171318,7.207401173868887,0.21940907835960388,0.3763010799884796,1.0028998851776123,0.14577901363372803,0.06154643622917318,0.1144041046500206,0.15315936505794525,0.14484511077025713,2
initial_test,0032.png,/home/lkc/lkcproject/rcwn/超分竞赛数据集/初赛测试集/input_320/0032.png,256,320,0.31478244066238403,0.1640196293592453,0.10196078568696976,0.13333334028720856,0.18039216101169586,0.27450981736183167,0.4156862795352936,0.6431372761726379,0.772549033164978,0.5098039358854294,7.075872285222125,0.1257685124874115,0.25610843300819397,0.5457888245582581,0.05158521607518196,0.030408562389364766,0.044792868196964264,0.10273528099060059,0.3927549631221178,2
initial_test,0033.png,/home/lkc/lkcproject/rcwn/超分竞赛数据集/初赛测试集/input_320/0033.png,256,320,0.32962432503700256,0.12961114943027496,0.07450980693101883,0.0941176488995552,0.239215686917305,0.3607843220233917,0.4274509847164154,0.5176470875740051,0.5372549295425415,0.4235294386744499,6.599673003677443,0.05989336967468262,0.10913532227277756,0.20392155647277832,0.009044349193572998,0.01547934619149419,0.02802092954516411,0.0418083630502224,0.1974448400178867,2
initial_test,0034.png,/home/lkc/lkcproject/rcwn/超分竞赛数据集/初赛测试集/input_320/0034.png,256,320,0.3578893542289734,0.20271064341068268,0.01568627543747425,0.09019608050584793,0.16078431904315948,0.37254902720451355,0.5176470875740051,0.6745098233222961,0.8588235378265381,0.5843137428164482,7.387457355671371,0.3144020140171051,0.5386928915977478,1.548523187637329,0.5305851697921753,0.14129422059721494,0.15752625465393066,0.2144109010696411,0.15294155354026479,1
initial_test,0035.png,/home/lkc/lkcproject/rcwn/超分竞赛数据集/初赛测试集/input_320/0035.png,256,320,0.42804569005966187,0.1375911384820938,0.07058823853731155,0.22745098173618317,0.33725491166114807,0.42352941632270813,0.5058823823928833,0.6705882549285889,0.800000011920929,0.4431372731924057,7.121344955691829,0.3585197925567627,0.34700965881347656,1.0222833156585693,0.16940279304981232,0.14488916165813673,0.2244659960269928,0.23044812679290771,0.013150022093913381,2
initial_test,0036.png,/home/lkc/lkcproject/rcwn/超分竞赛数据集/初赛测试集/input_320/0036.png,256,320,0.4215396046638489,0.24168607592582703,0.0,0.08627451211214066,0.23137255012989044,0.364705890417099,0.6117647290229797,0.8509804010391235,0.9764705896377563,0.7647058889269829,7.756483055205018,0.3952619135379791,0.48764508962631226,1.4407696723937988,0.17049382627010345,0.0384798111505726,0.12304582446813583,0.35015854239463806,0.47994636954050635,1
initial_test,0037.png,/home/lkc/lkcproject/rcwn/超分竞赛数据集/初赛测试集/input_320/0037.png,256,320,0.4059704840183258,0.20895777642726898,0.0,0.0470588244497776,0.24705882370471954,0.4588235318660736,0.5490196347236633,0.7098039388656616,0.8352941274642944,0.662745114415884,7.4836927408317555,0.3163989186286926,0.48215988278388977,1.3068888187408447,0.5668739080429077,0.11664803129192208,0.16772131621837616,0.21696916222572327,0.12801940460427452,1
initial_test,0038.png,/home/lkc/lkcproject/rcwn/超分竞赛数据集/初赛测试集/input_320/0038.png,256,320,0.348375529050827,0.1736796796321869,0.04313725605607033,0.0941176488995552,0.20392157137393951,0.3450980484485626,0.49803921580314636,0.6235294342041016,0.7098039388656616,0.5294117853045464,7.346676184629289,0.27962106466293335,0.3545060157775879,1.0164293050765991,0.22129014134407043,0.09442607092464063,0.14746591448783875,0.19275064766407013,0.13310561040826538,2
initial_test,0039.png,/home/lkc/lkcproject/rcwn/超分竞赛数据集/初赛测试集/input_320/0039.png,256,320,0.4666198790073395,0.3398396074771881,0.0,0.0,0.10980392247438431,0.5137255191802979,0.7607843279838562,0.9764705896377563,1.0,0.9764705896377563,7.356754910151789,0.5452032089233398,0.6534378528594971,1.93766450881958,0.5861290693283081,0.07000169940709024,0.39740702509880066,0.24521894752979279,0.2368221703621761,1
initial_test,0040.png,/home/lkc/lkcproject/rcwn/超分竞赛数据集/初赛测试集/input_320/0040.png,256,320,0.37824511528015137,0.19971205294132233,0.0,0.027450980618596077,0.26274511218070984,0.42352941632270813,0.501960813999176,0.6705882549285889,0.7647058963775635,0.6431372743099928,7.160102530216552,0.2997555136680603,0.5181622505187988,1.4720416069030762,0.29967397451400757,0.11196831736091364,0.14624838531017303,0.22220349311828613,0.20614661575910787,1
initial_test,0041.png,/home/lkc/lkcproject/rcwn/超分竞赛数据集/初赛测试集/input_320/0041.png,256,320,0.4705190062522888,0.2620737850666046,0.08235294371843338,0.11372549086809158,0.24705882370471954,0.4117647111415863,0.7215686440467834,0.8901960849761963,0.9215686321258545,0.7764705941081047,7.735158688694625,0.28233814239501953,0.35502129793167114,1.0560640096664429,0.08925341069698334,0.024574310162799436,0.16533610224723816,0.18595851957798004,0.058704050815222224,0
initial_test,0042.png,/home/lkc/lkcproject/rcwn/超分竞赛数据集/初赛测试集/input_320/0042.png,256,320,0.4627867639064789,0.18731698393821716,0.07058823853731155,0.11372549086809158,0.33725491166114807,0.4745098054409027,0.6196078658103943,0.7411764860153198,0.772549033164978,0.6274509951472282,7.4505167834175605,0.19644704461097717,0.2809448540210724,0.7537782192230225,0.06158815696835518,0.031009588564193318,0.123265840113163,0.12175905704498291,0.006149510052472604,2
initial_test,0043.png,/home/lkc/lkcproject/rcwn/超分竞赛数据集/初赛测试集/input_320/0043.png,256,320,0.4611862599849701,0.27559688687324524,0.0,0.0,0.2862745225429535,0.47843137383461,0.6745098233222961,0.8588235378265381,0.9960784316062927,0.8588235378265381,7.212312170714274,0.21101629734039307,0.39369189739227295,0.992167055606842,0.20593388378620148,0.03472590226506554,0.11757583916187286,0.13788709044456482,0.07950762685601062,0
initial_test,0044.png,/home/lkc/lkcproject/rcwn/超分竞赛数据集/初赛测试集/input_320/0044.png,256,320,0.5765213966369629,0.23552168905735016,0.0,0.062745101749897,0.43529412150382996,0.6509804129600525,0.7490196228027344,0.8549019694328308,0.9098039269447327,0.7921568676829338,7.5512653770778275,0.5267874002456665,0.5997138619422913,1.8846147060394287,0.31366080045700073,0.11340835339121465,0.3645954132080078,0.3029215335845947,0.09239297956367115,0
initial_test,0045.png,/home/lkc/lkcproject/rcwn/超分竞赛数据集/初赛测试集/input_320/0045.png,256,320,0.4456808567047119,0.12825918197631836,0.05098039284348488,0.18431372940540314,0.3843137323856354,0.5058823823928833,0.5372549295425415,0.5647059082984924,0.572549045085907,0.3803921788930893,6.14264370795903,0.0461835078895092,0.10866113752126694,0.1912342607975006,0.006177117582410574,0.013553711844030375,0.025558654218912125,0.031072303652763367,0.09736104846301648,2
initial_test,0046.png,/home/lkc/lkcproject/rcwn/超分竞赛数据集/初赛测试集/input_320/0046.png,256,320,0.39400678873062134,0.19152776896953583,0.0,0.0,0.3137255012989044,0.4313725531101227,0.49803921580314636,0.6745098233222961,0.8823529481887817,0.6745098233222961,7.011104442277474,0.22409188747406006,0.41617244482040405,1.1503801345825195,0.18466517329216003,0.07330105836395712,0.1035364493727684,0.16877713799476624,0.2395792632041682,2
initial_test,0047.png,/home/lkc/lkcproject/rcwn/超分竞赛数据集/初赛测试集/input_320/0047.png,256,320,0.3122249245643616,0.1594872921705246,0.07058823853731155,0.11764705926179886,0.1882352977991104,0.27843138575553894,0.3921568691730499,0.6431372761726379,0.7254902124404907,0.5254902169108391,7.172150094152228,0.16437259316444397,0.30622372031211853,0.7223566770553589,0.07758025825023651,0.0485672067816977,0.07543595880270004,0.12269937992095947,0.23854109732629772,2
initial_test,0048.png,/home/lkc/lkcproject/rcwn/超分竞赛数据集/初赛测试集/input_320/0048.png,256,320,0.5202855467796326,0.3002704977989197,0.0,0.0,0.3686274588108063,0.5882353186607361,0.7137255072593689,0.9686274528503418,1.0,0.9686274528503418,6.7527084080175515,0.3301525115966797,0.5229193568229675,1.449286699295044,0.4284283220767975,0.06238103181144312,0.21056142449378967,0.18788622319698334,0.05690885974160422,0
initial_test,0049.png,/home/lkc/lkcproject/rcwn/超分竞赛数据集/初赛测试集/input_320/0049.png,256,320,0.40539878606796265,0.12758024036884308,0.08627451211214066,0.10196078568696976,0.3607843220233917,0.43529412150382996,0.48235294222831726,0.5607843399047852,0.615686297416687,0.4588235542178154,6.527621874323733,0.17096246778964996,0.21023301780223846,0.5459129214286804,0.07554200291633606,0.06517578291361567,0.11794998496770859,0.09257325530052185,0.12054122687288069,2
initial_test,0050.png,/home/lkc/lkcproject/rcwn/超分竞赛数据集/初赛测试集/input_320/0050.png,256,320,0.36214393377304077,0.18340173363685608,0.0,0.05098039284348488,0.24313725531101227,0.3686274588108063,0.4627451002597809,0.7176470756530762,0.877686281800261,0.6666666828095913,7.355781721223453,0.20693036913871765,0.25064536929130554,0.7175078392028809,0.04146137088537216,0.025332267889156,0.1458776295185089,0.10940022766590118,0.14289293342922738,2
initial_test,0051.png,/home/lkc/lkcproject/rcwn/超分竞赛数据集/初赛测试集/input_320/0051.png,256,320,0.30941909551620483,0.1913800835609436,0.0235294122248888,0.0941176488995552,0.14901961386203766,0.2666666805744171,0.4431372582912445,0.6666666865348816,0.7803921699523926,0.5725490376353264,7.28248912053712,0.24467305839061737,0.4265654683113098,1.062925934791565,0.30401644110679626,0.09620480790511776,0.1059323400259018,0.18414358794689178,0.2696233653980605,2
initial_test,0052.png,/home/lkc/lkcproject/rcwn/超分竞赛数据集/初赛测试集/input_320/0052.png,256,320,0.37528368830680847,0.18185219168663025,0.10196078568696976,0.13725490868091583,0.25882354378700256,0.30980393290519714,0.5176470875740051,0.7176470756530762,0.8117647171020508,0.5803921669721603,7.198555521109126,0.17074742913246155,0.23127520084381104,0.6538854837417603,0.05110834166407585,0.031117363879545425,0.1143740862607956,0.09340547025203705,0.10091760883830506,2
initial_test,0053.png,/home/lkc/lkcproject/rcwn/超分竞赛数据集/初赛测试集/input_320/0053.png,256,320,0.5122069120407104,0.2576211392879486,0.0,0.0,0.3529411852359772,0.529411792755127,0.686274528503418,0.9450980424880981,1.0,0.9450980424880981,7.379444931631858,0.4556206166744232,0.6238172054290771,1.8787152767181396,0.6251837015151978,0.13085871546937905,0.29806777834892273,0.25070783495903015,0.08630110785064332,0
initial_test,0054.png,/home/lkc/lkcproject/rcwn/超分竞赛数据集/初赛测试集/input_320/0054.png,256,320,0.34503886103630066,0.18777169287204742,0.03921568766236305,0.0784313753247261,0.1764705926179886,0.35686275362968445,0.4627451002597809,0.7058823704719543,0.8509804010391235,0.6274509951472282,7.380387153161683,0.18939490616321564,0.41443687677383423,0.9721282720565796,0.24642737209796906,0.08415383755040956,0.07920984923839569,0.14485611021518707,0.2929773944104641,2
initial_test,0055.png,/home/lkc/lkcproject/rcwn/超分竞赛数据集/初赛测试集/input_320/0055.png,256,320,0.4985729157924652,0.28688114881515503,0.0,0.0,0.32156863808631897,0.5176470875740051,0.7019608020782471,0.9725490212440491,1.0,0.9725490212440491,7.350329782659146,0.3522447943687439,0.5173456072807312,1.5404713153839111,0.35801413655281067,0.06550344391290523,0.22405032813549042,0.21006548404693604,0.03221454666267166,0
initial_test,0056.png,/home/lkc/lkcproject/rcwn/超分竞赛数据集/初赛测试集/input_320/0056.png,256,320,0.4166671633720398,0.2646491527557373,0.0,0.0,0.22745098173618317,0.42352941632270813,0.615686297416687,0.8470588326454163,0.9686274528503418,0.8470588326454163,7.344847172975895,0.6313991546630859,0.7255025506019592,2.258946180343628,1.0710221529006958,0.1827766921046418,0.34666475653648376,0.3957875669002533,0.06616291553427295,1
initial_test,0057.png,/home/lkc/lkcproject/rcwn/超分竞赛数据集/初赛测试集/input_320/0057.png,256,320,0.37539541721343994,0.2380945086479187,0.0,0.027450980618596077,0.13333334028720856,0.3921568691730499,0.5843137502670288,0.7333333492279053,0.8156862854957581,0.7058823686093092,7.585332385002262,0.4614233076572418,0.6415300369262695,1.929448127746582,0.7725392580032349,0.16182852783798046,0.22072415053844452,0.33767735958099365,0.2094428595250999,1
initial_test,0058.png,/home/lkc/lkcproject/rcwn/超分竞赛数据集/初赛测试集/input_320/0058.png,256,320,0.5402094125747681,0.2779389023780823,0.054901961237192154,0.11372549086809158,0.23529411852359772,0.729411780834198,0.7607843279838562,0.8235294222831726,0.8666666746139526,0.709803931415081,5.729720813482457,0.04972266033291817,0.17733466625213623,0.26160112023353577,0.015561357140541077,0.012725203600109551,0.03778085857629776,0.030197083950042725,0.1115622854180447,0
initial_test,0059.png,/home/lkc/lkcproject/rcwn/超分竞赛数据集/初赛测试集/input_320/0059.png,256,320,0.37217476963996887,0.1981070339679718,0.0,0.0,0.2666666805744171,0.4156862795352936,0.5058823823928833,0.6509804129600525,0.8039215803146362,0.6509804129600525,7.141695241556068,0.2860758900642395,0.48691943287849426,1.3205151557922363,0.29441994428634644,0.10282497852213583,0.1434590369462967,0.2026093453168869,0.17092086825084946,1
initial_test,0060.png,/home/lkc/lkcproject/rcwn/超分竞赛数据集/初赛测试集/input_320/0060.png,256,320,0.3550484776496887,0.11049257963895798,0.03529411926865578,0.12156862765550613,0.30980393290519714,0.3686274588108063,0.41960784792900085,0.4745098054409027,0.6470588445663452,0.3529411777853966,6.520814117728573,0.13005581498146057,0.2679985463619232,0.637053906917572,0.05564134567975998,0.06765391685157926,0.06340116262435913,0.10195690393447876,0.23316516764182582,2
initial_test,0061.png,/home/lkc/lkcproject/rcwn/超分竞赛数据集/初赛测试集/input_320/0061.png,256,320,0.38377681374549866,0.2144935578107834,0.01568627543747425,0.08627451211214066,0.1921568661928177,0.3686274588108063,0.5372549295425415,0.7529411911964417,0.9215686321258545,0.666666679084301,7.653579852658929,0.33517634868621826,0.5000685453414917,1.3471801280975342,0.5406204462051392,0.10071165176568428,0.15549853444099426,0.2451053112745285,0.22367927265772156,1
initial_test,0062.png,/home/lkc/lkcproject/rcwn/超分竞赛数据集/初赛测试集/input_320/0062.png,256,320,0.33260804414749146,0.17726530134677887,0.05882352963089943,0.0941176488995552,0.1568627506494522,0.364705890417099,0.48627451062202454,0.6039215922355652,0.6470588445663452,0.50980394333601,7.030621224901392,0.1505916863679886,0.2715717554092407,0.6769676804542542,0.06454485654830933,0.03436817276710931,0.07501033693552017,0.10550715029239655,0.16894104734779453,2
initial_test,0063.png,/home/lkc/lkcproject/rcwn/超分竞赛数据集/初赛测试集/input_320/0063.png,256,320,0.4218446612358093,0.24930138885974884,0.054901961237192154,0.0784313753247261,0.15294118225574493,0.4627451002597809,0.6078431606292725,0.8274509906768799,0.95686274766922,0.7490196153521538,7.603339565642871,0.3983346223831177,0.5110659599304199,1.497951626777649,0.6183350682258606,0.11974073635905466,0.2873070240020752,0.2051030695438385,0.16694205812532104,1
initial_test,0064.png,/home/lkc/lkcproject/rcwn/超分竞赛数据集/初赛测试集/input_320/0064.png,256,320,0.38237011432647705,0.21041086316108704,0.0,0.0313725508749485,0.16862745583057404,0.4313725531101227,0.5411764979362488,0.6705882549285889,0.843137264251709,0.6392157040536404,7.423942002380604,0.44073328375816345,0.6247212290763855,1.8772807121276855,0.8518381118774414,0.21404057507292132,0.21110829710960388,0.32450324296951294,0.21171117008262955,1
initial_test,0065.png,/home/lkc/lkcproject/rcwn/超分竞赛数据集/初赛测试集/input_320/0065.png,256,320,0.32332682609558105,0.1256369948387146,0.0941176488995552,0.13725490868091583,0.25882354378700256,0.29019609093666077,0.3764705955982208,0.5764706134796143,0.6745098233222961,0.4392157047986984,6.731174057961887,0.11353020370006561,0.19030974805355072,0.40618059039115906,0.029560336843132973,0.030545525989513433,0.05681817606091499,0.08212761580944061,0.18215333769979,2
initial_test,0066.png,/home/lkc/lkcproject/rcwn/超分竞赛数据集/初赛测试集/input_320/0066.png,256,320,0.4538951814174652,0.131302148103714,0.0235294122248888,0.20392157137393951,0.3960784375667572,0.4941176474094391,0.5490196347236633,0.5882353186607361,0.615686297416687,0.38431374728679657,6.074501555604125,0.04096532613039017,0.1133723109960556,0.17084740102291107,0.0046229735016822815,0.012021079757889689,0.014117121696472168,0.034020137041807175,0.41346382961994227,2
initial_test,0067.png,/home/lkc/lkcproject/rcwn/超分竞赛数据集/初赛测试集/input_320/0067.png,256,320,0.4897473454475403,0.30192309617996216,0.0,0.0,0.27843138575553894,0.5372549295425415,0.7098039388656616,0.9647058844566345,1.0,0.9647058844566345,7.274219720651011,0.39400508999824524,0.5832544565200806,1.6574351787567139,0.6022791862487793,0.08650656605041637,0.22388169169425964,0.25662603974342346,0.06814530944422571,0
initial_test,0068.png,/home/lkc/lkcproject/rcwn/超分竞赛数据集/初赛测试集/input_320/0068.png,256,320,0.5396683812141418,0.20945347845554352,0.04313725605607033,0.08627451211214066,0.42352941632270813,0.5647059082984924,0.7058823704719543,0.8117647171020508,0.8980392217636108,0.7254902049899101,6.999652352793382,0.1275368481874466,0.2170303612947464,0.5217012166976929,0.022976592183113098,0.01767952956214237,0.07258635759353638,0.0746041089296341,0.013708437670996079,0
initial_test,0069.png,/home/lkc/lkcproject/rcwn/超分竞赛数据集/初赛测试集/input_320/0069.png,256,320,0.37120717763900757,0.1325082778930664,0.16470588743686676,0.2078431397676468,0.2705882489681244,0.3294117748737335,0.48627451062202454,0.6117647290229797,0.658823549747467,0.40392158925533295,6.805825098790437,0.12081868946552277,0.14280633628368378,0.4117833077907562,0.02199968695640564,0.02847267719865925,0.0744747668504715,0.07750210911035538,0.019919755823012177,2
initial_test,0070.png,/home/lkc/lkcproject/rcwn/超分竞赛数据集/初赛测试集/input_320/0070.png,256,320,0.4830699861049652,0.25666698813438416,0.0,0.0,0.33725491166114807,0.4941176474094391,0.6745098233222961,0.8666666746139526,0.9686274528503418,0.8666666746139526,7.429100385709349,0.2682623565196991,0.4987735450267792,1.3251113891601562,0.27870529890060425,0.06020103716051523,0.14290666580200195,0.17710617184638977,0.10686916904866142,0
initial_test,0071.png,/home/lkc/lkcproject/rcwn/超分竞赛数据集/初赛测试集/input_320/0071.png,256,320,0.36979374289512634,0.22614489495754242,0.0,0.0,0.23137255012989044,0.42352941632270813,0.5137255191802979,0.6941176652908325,0.9686274528503418,0.6941176652908325,6.894086234557055,0.30963122844696045,0.5029913783073425,1.4288444519042969,0.40544217824935913,0.0946722886216832,0.16370050609111786,0.21159227192401886,0.127611743786259,1
initial_test,0072.png,/home/lkc/lkcproject/rcwn/超分竞赛数据集/初赛测试集/input_320/0072.png,256,320,0.49181848764419556,0.28257837891578674,0.0,0.0,0.30980393290519714,0.5058823823928833,0.686274528503418,0.9725490212440491,1.0,0.9725490212440491,7.440051358351819,0.3218314051628113,0.5192922949790955,1.3807486295700073,0.4538273811340332,0.06256815860485702,0.17859062552452087,0.2031439244747162,0.06432034760868353,0
initial_test,0073.png,/home/lkc/lkcproject/rcwn/超分竞赛数据集/初赛测试集/input_320/0073.png,256,320,0.31242984533309937,0.17353537678718567,0.03921568766236305,0.0941176488995552,0.15294118225574493,0.27450981736183167,0.4627451002597809,0.5960784554481506,0.6509804129600525,0.5019608065485954,7.018758799547195,0.16293974220752716,0.3126653730869293,0.7151513695716858,0.09916511923074722,0.0524522882209633,0.09179266542196274,0.10465562343597412,0.0654775772738511,2
initial_test,0074.png,/home/lkc/lkcproject/rcwn/超分竞赛数据集/初赛测试集/input_320/0074.png,256,320,0.4414982199668884,0.3135848939418793,0.0,0.003921568859368563,0.0470588244497776,0.48627451062202454,0.7137255072593689,0.8941176533699036,0.95686274766922,0.890196084510535,7.47922173984757,0.2761745750904083,0.4217049777507782,1.1176568269729614,0.22172479331493378,0.03398382917488748,0.16325736045837402,0.17959478497505188,0.04765151606685866,0
initial_test,0075.png,/home/lkc/lkcproject/rcwn/超分竞赛数据集/初赛测试集/input_320/0075.png,256,320,0.370893269777298,0.16360488533973694,0.0,0.0,0.2823529541492462,0.38823530077934265,0.4941176474094391,0.5960784554481506,0.6705882549285889,0.5960784554481506,7.089930452707518,0.22463670372962952,0.39570966362953186,1.0920276641845703,0.17583835124969482,0.10059343748911635,0.13755731284618378,0.14377781748771667,0.022110657258303076,2
initial_test,0076.png,/home/lkc/lkcproject/rcwn/超分竞赛数据集/初赛测试集/input_320/0076.png,256,320,0.44657087326049805,0.18087899684906006,0.0784313753247261,0.13725490868091583,0.30980393290519714,0.47058823704719543,0.572549045085907,0.7372549176216125,0.7921568751335144,0.6000000089406967,7.451084932227678,0.23944978415966034,0.30823764204978943,0.8847461342811584,0.12406978756189346,0.05021129661864926,0.12376829236745834,0.16795764863491058,0.1514755805247138,2
initial_test,0077.png,/home/lkc/lkcproject/rcwn/超分竞赛数据集/初赛测试集/input_320/0077.png,256,320,0.4879942834377289,0.23367349803447723,0.0,0.01568627543747425,0.34117648005485535,0.5333333611488342,0.6705882549285889,0.7843137383460999,0.9372549057006836,0.7686274629086256,7.614019982424278,0.411651611328125,0.5353957414627075,1.6076716184616089,0.20613940060138702,0.05777149276714123,0.14408941566944122,0.34254688024520874,0.4078147607193166,0
initial_test,0078.png,/home/lkc/lkcproject/rcwn/超分竞赛数据集/初赛测试集/input_320/0078.png,256,320,0.4084257185459137,0.17811374366283417,0.14509804546833038,0.2078431397676468,0.2862745225429535,0.34117648005485535,0.5411764979362488,0.7529411911964417,0.8156862854957581,0.5450980514287949,7.076855953416635,0.18443678319454193,0.21515800058841705,0.5787563323974609,0.05203692987561226,0.02866554881242775,0.11915919929742813,0.11463713645935059,0.019341889270591068,2
initial_test,0079.png,/home/lkc/lkcproject/rcwn/超分竞赛数据集/初赛测试集/input_320/0079.png,256,320,0.44033947587013245,0.3138006627559662,0.0,0.0,0.0235294122248888,0.5176470875740051,0.6823529601097107,0.9215686321258545,1.0,0.9215686321258545,7.117941912559602,0.3347734808921814,0.5828222632408142,1.5139154195785522,0.5038242340087891,0.06669630751958977,0.19530613720417023,0.20975494384765625,0.03567068602583751,0
initial_test,0080.png,/home/lkc/lkcproject/rcwn/超分竞赛数据集/初赛测试集/input_320/0080.png,256,320,0.3422876298427582,0.20643101632595062,0.03921568766236305,0.10980392247438431,0.16862745583057404,0.27450981736183167,0.5058823823928833,0.6980392336845398,0.9098039269447327,0.5882353112101555,7.281184806513009,0.25161710381507874,0.4762774705886841,1.34487783908844,0.47143134474754333,0.10574306613530303,0.0882415622472763,0.21416565775871277,0.4164057177898814,2
initial_test,0081.png,/home/lkc/lkcproject/rcwn/超分竞赛数据集/初赛测试集/input_320/0081.png,256,320,0.3259413242340088,0.18753784894943237,0.0313725508749485,0.0784313753247261,0.1568627506494522,0.30980393290519714,0.48627451062202454,0.6117647290229797,0.772549033164978,0.5333333536982536,7.297607605851293,0.22704210877418518,0.36118337512016296,0.9549320936203003,0.09810446947813034,0.04284300342384336,0.10463643074035645,0.17114022374153137,0.2411509165854454,2
initial_test,0082.png,/home/lkc/lkcproject/rcwn/超分竞赛数据集/初赛测试集/input_320/0082.png,256,320,0.2571362257003784,0.12357720732688904,0.054901961237192154,0.14509804546833038,0.19607843458652496,0.22745098173618317,0.2666666805744171,0.49803921580314636,0.7764706015586853,0.352941170334816,6.268231037920598,0.09177099168300629,0.2321767508983612,0.4459669888019562,0.0658077597618103,0.05762075665023954,0.05027616769075394,0.06141616031527519,0.09973820783751522,2
initial_test,0083.png,/home/lkc/lkcproject/rcwn/超分竞赛数据集/初赛测试集/input_320/0083.png,256,320,0.3762499690055847,0.20214813947677612,0.0,0.01568627543747425,0.25882354378700256,0.4274509847164154,0.5176470875740051,0.6313725709915161,0.8196078538894653,0.6156862955540419,7.204573763246962,0.2829486131668091,0.4692748188972473,1.2922035455703735,0.37034377455711365,0.11131494687024418,0.1462469846010208,0.19824060797691345,0.1509303222992857,1
initial_test,0084.png,/home/lkc/lkcproject/rcwn/超分竞赛数据集/初赛测试集/input_320/0084.png,256,320,0.5087498426437378,0.29712969064712524,0.0,0.0,0.34117648005485535,0.5333333611488342,0.7215686440467834,0.9882352948188782,1.0,0.9882352948188782,7.043923970866741,0.4708264470100403,0.6215699315071106,1.8271880149841309,0.7202730178833008,0.10307972842238436,0.2985617518424988,0.26960915327072144,0.05095755222807109,0
initial_test,0085.png,/home/lkc/lkcproject/rcwn/超分竞赛数据集/初赛测试集/input_320/0085.png,256,320,0.3389684557914734,0.20479358732700348,0.08235294371843338,0.11764705926179886,0.19607843458652496,0.2666666805744171,0.43921568989753723,0.7686274647712708,0.9921568632125854,0.6509804055094719,7.337945358051799,0.2724398970603943,0.429320365190506,1.1955089569091797,0.1424841731786728,0.04586525907101575,0.11826860904693604,0.21329188346862793,0.2865940803162227,2
initial_test,0086.png,/home/lkc/lkcproject/rcwn/超分竞赛数据集/初赛测试集/input_320/0086.png,256,320,0.499420166015625,0.3112993836402893,0.0,0.0,0.25882354378700256,0.5333333611488342,0.7490196228027344,0.9803921580314636,1.0,0.9803921580314636,7.454847862926621,0.5217697620391846,0.6942759156227112,2.0313735008239746,0.7438510060310364,0.10633512795592133,0.3069067597389221,0.32034415006637573,0.021422671720993842,0
initial_test,0087.png,/home/lkc/lkcproject/rcwn/超分竞赛数据集/初赛测试集/input_320/0087.png,256,320,0.5210035443305969,0.06493644416332245,0.23137255012989044,0.45098039507865906,0.5098039507865906,0.5254902243614197,0.545098066329956,0.5647059082984924,0.6666666865348816,0.11372551321983337,4.966430926099962,0.10605750232934952,0.21622200310230255,0.5220547914505005,0.061903953552246094,0.21083087062173414,0.07678534835577011,0.05634339898824692,0.15355022694459297,2
initial_test,0088.png,/home/lkc/lkcproject/rcwn/超分竞赛数据集/初赛测试集/input_320/0088.png,256,320,0.4563375413417816,0.19451113045215607,0.09803921729326248,0.10980392247438431,0.3333333432674408,0.4313725531101227,0.6078431606292725,0.7803921699523926,0.8509804010391235,0.6705882474780083,7.44523958103491,0.4266321063041687,0.40940144658088684,1.2537120580673218,0.3007916212081909,0.13042270441823803,0.28113991022109985,0.2616371810436249,0.035931378629174775,1
initial_test,0089.png,/home/lkc/lkcproject/rcwn/超分竞赛数据集/初赛测试集/input_320/0089.png,256,320,0.37461069226264954,0.20853449404239655,0.0,0.0235294122248888,0.23137255012989044,0.41960784792900085,0.501960813999176,0.686274528503418,0.8901960849761963,0.6627451162785292,7.288558387443544,0.18967045843601227,0.3919569253921509,0.9438042640686035,0.15577009320259094,0.052752152238292736,0.08809815347194672,0.14170262217521667,0.23326495984319207,2
initial_test,0090.png,/home/lkc/lkcproject/rcwn/超分竞赛数据集/初赛测试集/input_320/0090.png,256,320,0.42943114042282104,0.24459277093410492,0.007843137718737125,0.05098039284348488,0.27450981736183167,0.4274509847164154,0.5264706164598465,0.9372549057006836,1.0,0.8862745128571987,7.486384413096017,0.4455293118953705,0.7571603059768677,2.26898455619812,0.6137888431549072,0.1687447424914768,0.32849499583244324,0.2091062068939209,0.22207686354319883,1
initial_test,0091.png,/home/lkc/lkcproject/rcwn/超分竞赛数据集/初赛测试集/input_320/0091.png,256,320,0.5099176168441772,0.1606285572052002,0.10980392247438431,0.21568627655506134,0.4117647111415863,0.5372549295425415,0.5960784554481506,0.7607843279838562,0.8509804010391235,0.5450980514287949,7.279340833058909,0.2136191427707672,0.41346630454063416,1.0064796209335327,0.180532306432724,0.1009664572404155,0.11309053748846054,0.14299719035625458,0.11678284281521153,2
initial_test,0092.png,/home/lkc/lkcproject/rcwn/超分竞赛数据集/初赛测试集/input_320/0092.png,256,320,0.3696182370185852,0.1743825376033783,0.0,0.0470588244497776,0.2549019753932953,0.40784314274787903,0.47843137383461,0.6039215922355652,0.7803921699523926,0.5568627677857876,7.241032773245502,0.19057412445545197,0.40145108103752136,1.0481085777282715,0.2070161998271942,0.08756448275959397,0.08570897579193115,0.14187213778495789,0.24678305290940508,2
initial_test,0093.png,/home/lkc/lkcproject/rcwn/超分竞赛数据集/初赛测试集/input_320/0093.png,256,320,0.5468570590019226,0.3280905485153198,0.0,0.0235294122248888,0.2549019753932953,0.5529412031173706,0.8627451062202454,1.0,1.0,0.9764705877751112,7.627355190834219,0.9431066513061523,0.9025077223777771,2.862790107727051,2.1133713722229004,0.21429956685564128,0.43493494391441345,0.6449452638626099,0.1944755709344012,3
initial_test,0094.png,/home/lkc/lkcproject/rcwn/超分竞赛数据集/初赛测试集/input_320/0094.png,256,320,0.3476008176803589,0.18928000330924988,0.03921568766236305,0.08235294371843338,0.1764705926179886,0.37254902720451355,0.4588235318660736,0.7098039388656616,0.8588235378265381,0.6274509951472282,7.323214542096758,0.14193259179592133,0.34159353375434875,0.6725427508354187,0.1382855325937271,0.04839153263700865,0.06668289750814438,0.10060809552669525,0.20279153947926945,2
initial_test,0095.png,/home/lkc/lkcproject/rcwn/超分竞赛数据集/初赛测试集/input_320/0095.png,256,320,0.4364388585090637,0.19610455632209778,0.08627451211214066,0.12156862765550613,0.2980392277240753,0.4274509847164154,0.5843137502670288,0.7686274647712708,0.8901960849761963,0.6470588371157646,7.586573557746311,0.4174043536186218,0.37400713562965393,1.164939045906067,0.1753317415714264,0.08601321472562119,0.22942523658275604,0.3092314600944519,0.14815786010643445,1
initial_test,0096.png,/home/lkc/lkcproject/rcwn/超分竞赛数据集/初赛测试集/input_320/0096.png,256,320,0.45083898305892944,0.19376853108406067,0.07450980693101883,0.11764705926179886,0.3137255012989044,0.43921568989753723,0.6235294342041016,0.7529411911964417,0.7843137383460999,0.6352941319346428,7.492058342032269,0.20745830237865448,0.3058737516403198,0.8476786613464355,0.08832086622714996,0.033483318173771,0.13612107932567596,0.11817319691181183,0.07057918361128365,2
initial_test,0097.png,/home/lkc/lkcproject/rcwn/超分竞赛数据集/初赛测试集/input_320/0097.png,256,320,0.5874925851821899,0.1783774495124817,0.09019608050584793,0.16862745583057404,0.5647059082984924,0.6196078658103943,0.7019608020782471,0.7921568751335144,0.8352941274642944,0.6235294193029404,6.825186293572531,0.24616852402687073,0.3865049481391907,1.1235824823379517,0.25418102741241455,0.11771625133039584,0.15975522994995117,0.15235844254493713,0.023699017559492466,0
initial_test,0098.png,/home/lkc/lkcproject/rcwn/超分竞赛数据集/初赛测试集/input_320/0098.png,256,320,0.462531179189682,0.2985822558403015,0.0,0.0,0.250980406999588,0.45490196347236633,0.7254902124404907,0.9215686321258545,1.0,0.9215686321258545,7.303778554706368,0.230432391166687,0.411284476518631,1.0969882011413574,0.24137715995311737,0.03876820029913786,0.11871366202831268,0.16607244312763214,0.16629596824390874,0
initial_test,0099.png,/home/lkc/lkcproject/rcwn/超分竞赛数据集/初赛测试集/input_320/0099.png,256,320,0.39064496755599976,0.19291093945503235,0.0,0.0313725508749485,0.2666666805744171,0.4117647111415863,0.5333333611488342,0.6705882549285889,0.7803921699523926,0.6392157040536404,7.464666999177459,0.48765355348587036,0.5459059476852417,1.6666713953018188,0.5740259885787964,0.20853782074230756,0.24443809688091278,0.3474617004394531,0.17405581827354266,1
