source,path,images,match_strength,sigma,interp,sigma_jitter,noise_std,gamma_jitter,official_score,test_score,total_score,edge_mean,fft_high_ratio,std
flir_iisr_hr,external_data/FLIR-IISR/FLIR-IISR/HR,96,1.0,0.5,cubic,0.0,0.25,0.0,0.4409877131414799,0.3883440821162968,0.4251946238339249,0.27639267353030544,0.06470168327325197,0.18504904715033868
flir_iisr_hr,external_data/FLIR-IISR/FLIR-IISR/HR,96,1.0,0.5,cubic,0.1,0.0,0.0,0.45161615418169165,0.38277144026119503,0.43096274000554263,0.275961246729518,0.06520999344208238,0.18430022685788572
flir_iisr_hr,external_data/FLIR-IISR/FLIR-IISR/HR,96,1.0,0.5,cubic,0.0,0.0,0.03,0.45150015031477236,0.38421575038600625,0.43131483033614254,0.27587341563776135,0.06505283692940014,0.1843121701385826
flir_iisr_hr,external_data/FLIR-IISR/FLIR-IISR/HR,96,1.0,0.5,cubic,0.0,0.25,0.03,0.4801589818858865,0.41926968527188196,0.4618921929016851,0.2709303538625439,0.06566615370882506,0.18195634987205267
flir_iisr_hr,external_data/FLIR-IISR/FLIR-IISR/HR,96,1.0,0.5,cubic,0.1,0.0,0.03,0.4832571320748817,0.43664020835755335,0.46927205495968316,0.26962297526188195,0.06429912555980238,0.18259351941136023
flir_iisr_hr,external_data/FLIR-IISR/FLIR-IISR/HR,96,1.0,0.65,cubic,0.0,0.25,0.0,0.49122641888816543,0.42951584962228617,0.47271324810840165,0.26623688063894707,0.05512234168142114,0.18382146046496928
flir_iisr_hr,external_data/FLIR-IISR/FLIR-IISR/HR,96,1.0,0.5,cubic,0.0,0.0,0.0,0.49474994330913047,0.43382841493526153,0.47647348479696977,0.2732355136734744,0.0651213723482761,0.18003176886122674
flir_iisr_hr,external_data/FLIR-IISR/FLIR-IISR/HR,96,1.0,0.65,cubic,0.1,0.0,0.0,0.5016417951828777,0.42531512012778316,0.47874379266634925,0.2656927222075562,0.0555335561138669,0.1830692171740035
flir_iisr_hr,external_data/FLIR-IISR/FLIR-IISR/HR,96,1.0,0.65,cubic,0.0,0.0,0.03,0.5024256023397411,0.42692566654433645,0.4797756216011197,0.26570279368509847,0.05538505450197153,0.18308081186842173
flir_iisr_hr,external_data/FLIR-IISR/FLIR-IISR/HR,96,1.0,0.5,cubic,0.1,0.25,0.0,0.5062299940633931,0.4304695228915343,0.48350185271183543,0.269058603560552,0.06506249079850275,0.17954805097542703
flir_iisr_hr,external_data/FLIR-IISR/FLIR-IISR/HR,96,1.0,0.5,area,0.0,0.25,0.0,0.5126287622830675,0.4497772199164832,0.49377329957309224,0.2612549409580727,0.05160707636259126,0.18328772376601896
flir_iisr_hr,external_data/FLIR-IISR/FLIR-IISR/HR,96,1.0,0.5,linear,0.0,0.25,0.0,0.5126287622830675,0.4497772199164832,0.49377329957309224,0.2612549409580727,0.05160707636259126,0.18328772376601896
flir_iisr_hr,external_data/FLIR-IISR/FLIR-IISR/HR,96,1.0,0.5,area,0.1,0.0,0.0,0.5238419317727105,0.44577582001310306,0.5004220982448283,0.26058715775919455,0.05193916767501535,0.18252917220039913
flir_iisr_hr,external_data/FLIR-IISR/FLIR-IISR/HR,96,1.0,0.5,linear,0.1,0.0,0.0,0.5238419317727105,0.44577582001310306,0.5004220982448283,0.26058715775919455,0.05193916767501535,0.18252917220039913
flir_iisr_hr,external_data/FLIR-IISR/FLIR-IISR/HR,96,1.0,0.5,area,0.0,0.0,0.03,0.523924130966896,0.44699945962626725,0.5008467295647074,0.2607263687532395,0.05184970761236866,0.18254783210189393
flir_iisr_hr,external_data/FLIR-IISR/FLIR-IISR/HR,96,1.0,0.5,linear,0.0,0.0,0.03,0.523924130966896,0.44699945962626725,0.5008467295647074,0.2607263687532395,0.05184970761236866,0.18254783210189393
flir_iisr_hr,external_data/FLIR-IISR/FLIR-IISR/HR,96,1.0,0.65,cubic,0.0,0.25,0.03,0.5312970682042615,0.4648923290922018,0.5113756464706436,0.2609312159474939,0.05588334432815149,0.18074660336909196
flir_iisr_hr,external_data/FLIR-IISR/FLIR-IISR/HR,96,1.0,0.8,cubic,0.0,0.25,0.0,0.5342282222710504,0.47110567036636763,0.5152914566996456,0.2572543896579494,0.0476930282504656,0.18279765313491225
flir_iisr_hr,external_data/FLIR-IISR/FLIR-IISR/HR,96,1.0,0.65,cubic,0.1,0.0,0.03,0.5331837394920731,0.48058777011300957,0.5174049486783541,0.25974589865654707,0.05476773173373276,0.1814043438838174
flir_iisr_hr,external_data/FLIR-IISR/FLIR-IISR/HR,96,1.0,0.8,cubic,0.0,0.0,0.03,0.5456595885831345,0.46823339001981484,0.5224317290141386,0.2567271164928873,0.04790141150118996,0.18205627608889094
flir_iisr_hr,external_data/FLIR-IISR/FLIR-IISR/HR,96,1.0,0.8,cubic,0.1,0.0,0.0,0.5465221619789862,0.46754706076944946,0.5228296316161252,0.2565994040730099,0.047953111952205224,0.1820331314423432
flir_iisr_hr,external_data/FLIR-IISR/FLIR-IISR/HR,96,1.0,0.5,cubic,0.1,0.25,0.03,0.5397884075262425,0.4853188623197278,0.523447543964288,0.2594807920977473,0.06411161877043063,0.17671961896121502
flir_iisr_hr,external_data/FLIR-IISR/FLIR-IISR/HR,96,1.0,0.65,cubic,0.0,0.0,0.0,0.5469617143856145,0.48009464220192405,0.5269015927305073,0.262968617103373,0.05543341736029359,0.17880744157203785
flir_iisr_hr,external_data/FLIR-IISR/FLIR-IISR/HR,96,1.0,0.65,area,0.0,0.25,0.0,0.5502164261658891,0.4869963906484241,0.5312504155106496,0.25320362447140116,0.04516431354430992,0.18238245486281812
flir_iisr_hr,external_data/FLIR-IISR/FLIR-IISR/HR,96,1.0,0.65,linear,0.0,0.25,0.0,0.5502164261658891,0.4869963906484241,0.5312504155106496,0.25320362447140116,0.04516431354430992,0.18238245486281812
flir_iisr_hr,external_data/FLIR-IISR/FLIR-IISR/HR,96,1.0,0.5,area,0.0,0.25,0.03,0.5531132487275083,0.4848188256517056,0.5326249218047674,0.25603914982639253,0.05231187177202424,0.18022403912618756
flir_iisr_hr,external_data/FLIR-IISR/FLIR-IISR/HR,96,1.0,0.5,linear,0.0,0.25,0.03,0.5531132487275083,0.4848188256517056,0.5326249218047674,0.25603914982639253,0.05231187177202424,0.18022403912618756
flir_iisr_hr,external_data/FLIR-IISR/FLIR-IISR/HR,96,1.0,0.65,cubic,0.1,0.25,0.0,0.5580273998339025,0.47718643364557084,0.533775109977403,0.259153256425634,0.0553982900699867,0.17834543995559216
flir_iisr_hr,external_data/FLIR-IISR/FLIR-IISR/HR,96,1.0,0.5,area,0.1,0.0,0.03,0.553716094831412,0.49964268979826676,0.5374940733214684,0.25490154038804275,0.05124288607312152,0.18088452331721783
flir_iisr_hr,external_data/FLIR-IISR/FLIR-IISR/HR,96,1.0,0.5,linear,0.1,0.0,0.03,0.553716094831412,0.49964268979826676,0.5374940733214684,0.25490154038804275,0.05124288607312152,0.18088452331721783
flir_iisr_hr,external_data/FLIR-IISR/FLIR-IISR/HR,96,1.0,0.65,area,0.1,0.0,0.0,0.56283910512702,0.48312331610853204,0.5389243684214735,0.25258545639614266,0.04543832230673806,0.1816235464066267
flir_iisr_hr,external_data/FLIR-IISR/FLIR-IISR/HR,96,1.0,0.65,linear,0.1,0.0,0.0,0.56283910512702,0.48312331610853204,0.5389243684214735,0.25258545639614266,0.04543832230673806,0.1816235464066267
flir_iisr_hr,external_data/FLIR-IISR/FLIR-IISR/HR,96,1.0,0.65,area,0.0,0.0,0.03,0.5627525804053329,0.4843525674870806,0.5392325765298572,0.252673422684893,0.04535523775822466,0.18164236327478042
flir_iisr_hr,external_data/FLIR-IISR/FLIR-IISR/HR,96,1.0,0.65,linear,0.0,0.0,0.03,0.5627525804053329,0.4843525674870806,0.5392325765298572,0.252673422684893,0.04535523775822466,0.18164236327478042
flir_iisr_hr,external_data/FLIR-IISR/FLIR-IISR/HR,96,1.0,0.5,area,0.0,0.0,0.0,0.568071297825196,0.5007417396791671,0.5478724303813873,0.2579807673270504,0.05189713348987471,0.17827854224015027
flir_iisr_hr,external_data/FLIR-IISR/FLIR-IISR/HR,96,1.0,0.5,linear,0.0,0.0,0.0,0.568071297825196,0.5007417396791671,0.5478724303813873,0.2579807673270504,0.05189713348987471,0.17827854224015027
flir_iisr_hr,external_data/FLIR-IISR/FLIR-IISR/HR,96,1.0,0.8,cubic,0.0,0.25,0.03,0.5748432106991943,0.5056570638729821,0.5540873666513306,0.252111496636644,0.048313547910519526,0.17974201496690512
flir_iisr_hr,external_data/FLIR-IISR/FLIR-IISR/HR,96,1.0,0.5,area,0.1,0.25,0.0,0.579368766318806,0.49788431479243683,0.5549234308608952,0.2543102086056024,0.05183099544149645,0.17782358592376113
flir_iisr_hr,external_data/FLIR-IISR/FLIR-IISR/HR,96,1.0,0.5,linear,0.1,0.25,0.0,0.579368766318806,0.49788431479243683,0.5549234308608952,0.2543102086056024,0.05183099544149645,0.17782358592376113
llvip_ir,external_data/LLVIP_ir/LLVIP/infrared/train,96,1.0,0.8,area,0.1,0.25,0.0,0.5529216019831193,0.5646814322340015,0.556449551058384,0.4048070249458154,0.09187953157691675,0.19986617495305836
llvip_ir,external_data/LLVIP_ir/LLVIP/infrared/train,96,1.0,0.8,linear,0.1,0.25,0.0,0.5529216019831193,0.5646814322340015,0.556449551058384,0.4048070249458154,0.09187953157691675,0.19986617495305836
flir_iisr_hr,external_data/FLIR-IISR/FLIR-IISR/HR,96,1.0,0.8,cubic,0.1,0.0,0.03,0.5746716752310214,0.5196297150181035,0.558159087167146,0.2509771455079317,0.04732006197911382,0.1804025718010962
llvip_ir,external_data/LLVIP_ir/LLVIP/infrared/train,96,1.0,0.65,area,0.1,0.25,0.0,0.5549836314884429,0.5750631024002224,0.5610074727619767,0.4199328095031281,0.10339172276964927,0.20161066732058922
llvip_ir,external_data/LLVIP_ir/LLVIP/infrared/train,96,1.0,0.65,linear,0.1,0.25,0.0,0.5549836314884429,0.5750631024002224,0.5610074727619767,0.4199328095031281,0.10339172276964927,0.20161066732058922
flir_iisr_hr,external_data/FLIR-IISR/FLIR-IISR/HR,96,1.0,0.8,area,0.0,0.25,0.0,0.5833998219091308,0.5197391742564218,0.564301627613318,0.24579433856221536,0.03990480387969566,0.18159860682984194
flir_iisr_hr,external_data/FLIR-IISR/FLIR-IISR/HR,96,1.0,0.8,linear,0.0,0.25,0.0,0.5833998219091308,0.5197391742564218,0.564301627613318,0.24579433856221536,0.03990480387969566,0.18159860682984194
llvip_ir,external_data/LLVIP_ir/LLVIP/infrared/train,96,1.0,0.8,cubic,0.1,0.25,0.0,0.5565787555036545,0.5833745385604531,0.5646174904206941,0.42919566684092086,0.10977253326347632,0.20264440472237766
llvip_ir,external_data/LLVIP_ir/LLVIP/infrared/train,96,1.0,0.8,area,0.0,0.0,0.03,0.559436351929614,0.579327340466704,0.565403648490741,0.40458283107727766,0.09097568026884024,0.20069163983377317
llvip_ir,external_data/LLVIP_ir/LLVIP/infrared/train,96,1.0,0.8,linear,0.0,0.0,0.03,0.559436351929614,0.579327340466704,0.565403648490741,0.40458283107727766,0.09097568026884024,0.20069163983377317
llvip_ir,external_data/LLVIP_ir/LLVIP/infrared/train,96,1.0,0.8,area,0.1,0.0,0.0,0.561392631838603,0.5805140167809567,0.5671290473213091,0.40426798599461716,0.09090622384492202,0.20069292296345034
llvip_ir,external_data/LLVIP_ir/LLVIP/infrared/train,96,1.0,0.8,linear,0.1,0.0,0.0,0.561392631838603,0.5805140167809567,0.5671290473213091,0.40426798599461716,0.09090622384492202,0.20069292296345034
llvip_ir,external_data/LLVIP_ir/LLVIP/infrared/train,96,1.0,0.5,area,0.1,0.25,0.0,0.5570350455927292,0.5921585084693675,0.5675720844557207,0.4355523434157173,0.11669856223664203,0.2035692920908332
llvip_ir,external_data/LLVIP_ir/LLVIP/infrared/train,96,1.0,0.5,linear,0.1,0.25,0.0,0.5570350455927292,0.5921585084693675,0.5675720844557207,0.4355523434157173,0.11669856223664203,0.2035692920908332
flir_iisr_hr,external_data/FLIR-IISR/FLIR-IISR/HR,96,1.0,0.65,cubic,0.1,0.25,0.03,0.5865214532194766,0.5307100206513898,0.5697780234490506,0.25002001544150215,0.054632572111663065,0.17558325353699425
flir_iisr_hr,external_data/FLIR-IISR/FLIR-IISR/HR,96,1.0,0.8,cubic,0.0,0.0,0.0,0.590222111604282,0.5223507810947222,0.569860712451414,0.25409385523137945,0.04794378430940118,0.17779272592936954
flir_iisr_hr,external_data/FLIR-IISR/FLIR-IISR/HR,96,1.0,0.65,area,0.0,0.25,0.03,0.5911971182205384,0.5209622940146948,0.5701266709587853,0.24813415831886232,0.045744852234056665,0.179337189377596
flir_iisr_hr,external_data/FLIR-IISR/FLIR-IISR/HR,96,1.0,0.65,linear,0.0,0.25,0.03,0.5911971182205384,0.5209622940146948,0.5701266709587853,0.24813415831886232,0.045744852234056665,0.179337189377596
llvip_ir,external_data/LLVIP_ir/LLVIP/infrared/train,96,1.0,0.65,area,0.0,0.0,0.03,0.5626396805834601,0.590102304903702,0.5708784678795327,0.41968487032378715,0.10232822857360178,0.20241644939718148
llvip_ir,external_data/LLVIP_ir/LLVIP/infrared/train,96,1.0,0.65,linear,0.0,0.0,0.03,0.5626396805834601,0.590102304903702,0.5708784678795327,0.41968487032378715,0.10232822857360178,0.20241644939718148
flir_iisr_hr,external_data/FLIR-IISR/FLIR-IISR/HR,96,1.0,0.8,area,0.0,0.0,0.03,0.5961205391186531,0.5158864565047662,0.572050314334487,0.24526925780810416,0.04006145591057551,0.18085902952589095
flir_iisr_hr,external_data/FLIR-IISR/FLIR-IISR/HR,96,1.0,0.8,linear,0.0,0.0,0.03,0.5961205391186531,0.5158864565047662,0.572050314334487,0.24526925780810416,0.04006145591057551,0.18085902952589095
flir_iisr_hr,external_data/FLIR-IISR/FLIR-IISR/HR,96,1.0,0.8,area,0.1,0.0,0.0,0.5967539512045537,0.5154246845127646,0.572355171197017,0.24512863058286408,0.040086924465798666,0.1808315912106385
flir_iisr_hr,external_data/FLIR-IISR/FLIR-IISR/HR,96,1.0,0.8,linear,0.1,0.0,0.0,0.5967539512045537,0.5154246845127646,0.572355171197017,0.24512863058286408,0.040086924465798666,0.1808315912106385
llvip_ir,external_data/LLVIP_ir/LLVIP/infrared/train,96,1.0,0.65,area,0.1,0.0,0.0,0.5644080279744235,0.5913461507543583,0.5724894648084039,0.4195080619926254,0.10238373373132148,0.2024355372413993
llvip_ir,external_data/LLVIP_ir/LLVIP/infrared/train,96,1.0,0.65,linear,0.1,0.0,0.0,0.5644080279744235,0.5913461507543583,0.5724894648084039,0.4195080619926254,0.10238373373132148,0.2024355372413993
llvip_ir,external_data/LLVIP_ir/LLVIP/infrared/train,96,1.0,0.8,area,0.1,0.25,0.03,0.5767300015127662,0.5633632967922768,0.5727199900966193,0.3990185506020983,0.09041561070066019,0.1985464432897667
llvip_ir,external_data/LLVIP_ir/LLVIP/infrared/train,96,1.0,0.8,linear,0.1,0.25,0.03,0.5767300015127662,0.5633632967922768,0.5727199900966193,0.3990185506020983,0.09041561070066019,0.1985464432897667
flir_iisr_hr,external_data/FLIR-IISR/FLIR-IISR/HR,96,1.0,0.65,area,0.1,0.0,0.03,0.5905193794122512,0.5351501187087973,0.5739086012012149,0.24707197095267475,0.044830382586519946,0.1800029631704092
flir_iisr_hr,external_data/FLIR-IISR/FLIR-IISR/HR,96,1.0,0.65,linear,0.1,0.0,0.03,0.5905193794122512,0.5351501187087973,0.5739086012012149,0.24707197095267475,0.044830382586519946,0.1800029631704092
llvip_ir,external_data/LLVIP_ir/LLVIP/infrared/train,96,1.0,0.8,cubic,0.0,0.0,0.03,0.5651834635357079,0.5979776224644576,0.5750217112143328,0.42886465042829514,0.10854800885723248,0.20343089460705718
llvip_ir,external_data/LLVIP_ir/LLVIP/infrared/train,96,1.0,0.8,area,0.1,0.0,0.03,0.5808309897160197,0.5635929632403701,0.5756595817733248,0.3892602459527552,0.09029190647587308,0.19432704065305492
llvip_ir,external_data/LLVIP_ir/LLVIP/infrared/train,96,1.0,0.8,linear,0.1,0.0,0.03,0.5808309897160197,0.5635929632403701,0.5756595817733248,0.3892602459527552,0.09029190647587308,0.19432704065305492
llvip_ir,external_data/LLVIP_ir/LLVIP/infrared/train,96,1.0,0.65,area,0.1,0.0,0.03,0.5760384927390273,0.5747987483048709,0.5756665694087804,0.4039668842839698,0.1017298330387144,0.19600121576028565
llvip_ir,external_data/LLVIP_ir/LLVIP/infrared/train,96,1.0,0.65,linear,0.1,0.0,0.03,0.5760384927390273,0.5747987483048709,0.5756665694087804,0.4039668842839698,0.1017298330387144,0.19600121576028565
flir_iisr_hr,external_data/FLIR-IISR/FLIR-IISR/HR,96,1.0,0.8,cubic,0.1,0.25,0.0,0.6009868401581259,0.5186133958627291,0.5762748068695068,0.25036346400156617,0.04786267394472605,0.1773384805613508
llvip_ir,external_data/LLVIP_ir/LLVIP/infrared/train,96,1.0,0.8,cubic,0.1,0.0,0.0,0.5677101992131668,0.5998983065506849,0.5773666314144221,0.4285010965541005,0.10852986319182228,0.20343190028021732
llvip_ir,external_data/LLVIP_ir/LLVIP/infrared/train,96,1.0,0.65,area,0.1,0.25,0.03,0.5787838296075689,0.57433659768172,0.5774496600298142,0.41407094647487,0.10182091309282591,0.20025914581492543
llvip_ir,external_data/LLVIP_ir/LLVIP/infrared/train,96,1.0,0.65,linear,0.1,0.25,0.03,0.5787838296075689,0.57433659768172,0.5774496600298142,0.41407094647487,0.10182091309282591,0.20025914581492543
llvip_ir,external_data/LLVIP_ir/LLVIP/infrared/train,96,1.0,0.8,area,0.0,0.25,0.03,0.5801301943467493,0.5723073290746988,0.5777833347651341,0.39239259405682486,0.09092190516778194,0.1953965621845176
llvip_ir,external_data/LLVIP_ir/LLVIP/infrared/train,96,1.0,0.8,linear,0.0,0.25,0.03,0.5801301943467493,0.5723073290746988,0.5777833347651341,0.39239259405682486,0.09092190516778194,0.1953965621845176
llvip_ir,external_data/LLVIP_ir/LLVIP/infrared/train,96,1.0,0.5,area,0.0,0.0,0.03,0.5656718434055118,0.6065410156119567,0.5779325950674452,0.4351604695742329,0.11535298464035189,0.20433912061465284
llvip_ir,external_data/LLVIP_ir/LLVIP/infrared/train,96,1.0,0.5,linear,0.0,0.0,0.03,0.5656718434055118,0.6065410156119567,0.5779325950674452,0.4351604695742329,0.11535298464035189,0.20433912061465284
llvip_ir,external_data/LLVIP_ir/LLVIP/infrared/train,96,1.0,0.65,area,0.0,0.25,0.03,0.5772883920488578,0.5816475144931379,0.5785961287821418,0.4070326165917019,0.10226539277242529,0.1970659599173814
llvip_ir,external_data/LLVIP_ir/LLVIP/infrared/train,96,1.0,0.65,linear,0.0,0.25,0.03,0.5772883920488578,0.5816475144931379,0.5785961287821418,0.4070326165917019,0.10226539277242529,0.1970659599173814
llvip_ir,external_data/LLVIP_ir/LLVIP/infrared/train,96,1.0,0.65,cubic,0.1,0.25,0.0,0.5638388179982606,0.6136613674944015,0.5787855828471029,0.4467010150353114,0.1251800563857102,0.20489855133928359
llvip_ir,external_data/LLVIP_ir/LLVIP/infrared/train,96,1.0,0.8,cubic,0.1,0.0,0.03,0.578166717074177,0.5811883891517855,0.5790732186974595,0.4126063055979709,0.10776221252542602,0.19695375231094658
llvip_ir,external_data/LLVIP_ir/LLVIP/infrared/train,96,1.0,0.5,area,0.1,0.0,0.0,0.5678516406927109,0.6084601608417923,0.5800341967374353,0.4349905466660857,0.11549700531054859,0.20436532120220363
llvip_ir,external_data/LLVIP_ir/LLVIP/infrared/train,96,1.0,0.5,linear,0.1,0.0,0.0,0.5678516406927109,0.6084601608417923,0.5800341967374353,0.4349905466660857,0.11549700531054859,0.20436532120220363
llvip_ir,external_data/LLVIP_ir/LLVIP/infrared/train,96,1.0,0.5,area,0.1,0.0,0.03,0.5780410115735538,0.5852519461451028,0.5802042919450185,0.4189419881440699,0.11473981459899303,0.19785490399226546
llvip_ir,external_data/LLVIP_ir/LLVIP/infrared/train,96,1.0,0.5,linear,0.1,0.0,0.03,0.5780410115735538,0.5852519461451028,0.5802042919450185,0.4189419881440699,0.11473981459899303,0.19785490399226546
llvip_ir,external_data/LLVIP_ir/LLVIP/infrared/train,96,1.0,0.8,cubic,0.0,0.25,0.03,0.5794082907471108,0.5876959992104144,0.5818946032861019,0.4159395264772077,0.10848187505446054,0.19805013093476495
llvip_ir,external_data/LLVIP_ir/LLVIP/infrared/train,96,1.0,0.8,cubic,0.1,0.25,0.03,0.5823946230912229,0.5810523991475709,0.5819919559081272,0.42290364174793166,0.1078349864327582,0.20123150975753865
llvip_ir,external_data/LLVIP_ir/LLVIP/infrared/train,96,1.0,0.5,area,0.0,0.25,0.03,0.5794072882897932,0.591750092575304,0.5831101295754464,0.42204217379912734,0.11527937512666721,0.19892883021384478
llvip_ir,external_data/LLVIP_ir/LLVIP/infrared/train,96,1.0,0.5,linear,0.0,0.25,0.03,0.5794072882897932,0.591750092575304,0.5831101295754464,0.42204217379912734,0.11527937512666721,0.19892883021384478
llvip_ir,external_data/LLVIP_ir/LLVIP/infrared/train,96,1.0,0.5,area,0.1,0.25,0.03,0.5844009444466233,0.5880096911225181,0.5854835684493916,0.42937526386231184,0.11476910647090159,0.20215041345606247
llvip_ir,external_data/LLVIP_ir/LLVIP/infrared/train,96,1.0,0.5,linear,0.1,0.25,0.03,0.5844009444466233,0.5880096911225181,0.5854835684493916,0.42937526386231184,0.11476910647090159,0.20215041345606247
llvip_ir,external_data/LLVIP_ir/LLVIP/infrared/train,96,1.0,0.65,cubic,0.1,0.0,0.03,0.5801766629135273,0.5981985687688731,0.5855832346701311,0.4296301337890327,0.1230075380593418,0.199113902868703
flir_iisr_hr,external_data/FLIR-IISR/FLIR-IISR/HR,96,1.0,0.65,linear,0.0,0.0,0.0,0.606625830915547,0.5384278163262547,0.5861664265387593,0.25004336874311167,0.04539851569780187,0.17738245551784834
flir_iisr_hr,external_data/FLIR-IISR/FLIR-IISR/HR,96,1.0,0.65,area,0.0,0.0,0.0,0.6066258320782307,0.5384278168688565,0.5861664275154185,0.25004336874311167,0.045398515828632226,0.17738245613873005
llvip_ir,external_data/LLVIP_ir/LLVIP/infrared/train,96,1.0,0.65,area,0.0,0.25,0.0,0.5831867386189875,0.5954015365446137,0.5868511779966753,0.4072389923967421,0.10208732867426545,0.1962157094385475
llvip_ir,external_data/LLVIP_ir/LLVIP/infrared/train,96,1.0,0.65,linear,0.0,0.25,0.0,0.5831867386189875,0.5954015365446137,0.5868511779966753,0.4072389923967421,0.10208732867426545,0.1962157094385475
llvip_ir,external_data/LLVIP_ir/LLVIP/infrared/train,96,1.0,0.8,area,0.0,0.25,0.0,0.5871399607378537,0.5908866659259244,0.5882639722942749,0.39258913571635884,0.09074842377227549,0.1945400859694928
llvip_ir,external_data/LLVIP_ir/LLVIP/infrared/train,96,1.0,0.8,linear,0.0,0.25,0.0,0.5871399607378537,0.5908866659259244,0.5882639722942749,0.39258913571635884,0.09074842377227549,0.1945400859694928
llvip_ir,external_data/LLVIP_ir/LLVIP/infrared/train,96,1.0,0.65,cubic,0.0,0.25,0.03,0.5815450393590951,0.6054665828123899,0.5887215023950835,0.43288036761805415,0.12360044206278963,0.20020368966894844
llvip_ir,external_data/LLVIP_ir/LLVIP/infrared/train,96,1.0,0.5,area,0.0,0.25,0.0,0.5846795501190313,0.5984562885251492,0.5888125716408666,0.42226218913371366,0.11510560008430211,0.19808466522954404
llvip_ir,external_data/LLVIP_ir/LLVIP/infrared/train,96,1.0,0.5,linear,0.0,0.25,0.0,0.5846795501190313,0.5984562885251492,0.5888125716408666,0.42226218913371366,0.11510560008430211,0.19808466522954404
llvip_ir,external_data/LLVIP_ir/LLVIP/infrared/train,96,1.0,0.8,cubic,0.0,0.25,0.0,0.5852298168538623,0.5981669166141034,0.5891109467819347,0.4161479930238177,0.10829848707924321,0.19720202133369943
flir_iisr_hr,external_data/FLIR-IISR/FLIR-IISR/HR,96,1.0,0.5,area,0.1,0.25,0.03,0.6064045243112703,0.5494226210993858,0.589309953347705,0.24537501010733345,0.05112199380747412,0.17508621630258858
flir_iisr_hr,external_data/FLIR-IISR/FLIR-IISR/HR,96,1.0,0.5,linear,0.1,0.25,0.03,0.6064045243112703,0.5494226210993858,0.589309953347705,0.24537501010733345,0.05112199380747412,0.17508621630258858
llvip_ir,external_data/LLVIP_ir/LLVIP/infrared/train,96,1.0,0.65,cubic,0.0,0.0,0.03,0.5743593965391259,0.6264365080684007,0.5899825299979083,0.4463302137640615,0.12367415381954831,0.20565379077258208
llvip_ir,external_data/LLVIP_ir/LLVIP/infrared/train,96,1.0,0.65,cubic,0.1,0.0,0.0,0.5755800728448733,0.6279362302277187,0.5912869200597269,0.4461597146776815,0.12384666035445045,0.20568265633968016
flir_iisr_hr,external_data/FLIR-IISR/FLIR-IISR/HR,96,1.0,0.65,area,0.1,0.25,0.0,0.6169079659527892,0.534131288707908,0.5920749627793248,0.24646730084593096,0.04533530571109787,0.17693877212392786
flir_iisr_hr,external_data/FLIR-IISR/FLIR-IISR/HR,96,1.0,0.65,linear,0.1,0.25,0.0,0.6169079659527892,0.534131288707908,0.5920749627793248,0.24646730084593096,0.04533530571109787,0.17693877212392786
llvip_ir,external_data/LLVIP_ir/LLVIP/infrared/train,96,1.0,0.65,cubic,0.0,0.25,0.0,0.5858669256692711,0.6077675147544838,0.5924371023948349,0.43309598695486784,0.1234187675944662,0.19936149823479354
llvip_ir,external_data/LLVIP_ir/LLVIP/infrared/train,96,1.0,0.65,cubic,0.1,0.25,0.03,0.5884277895612421,0.6053412918280189,0.5935018402412751,0.440309489145875,0.12301710009126403,0.2034357457111279
llvip_ir,external_data/LLVIP_ir/LLVIP/infrared/train,96,1.0,0.65,area,0.0,0.0,0.0,0.6057856519219784,0.5830395637462081,0.5989618254692474,0.395641404359291,0.10236731776794372,0.19258654893686375
llvip_ir,external_data/LLVIP_ir/LLVIP/infrared/train,96,1.0,0.65,linear,0.0,0.0,0.0,0.6057856519219784,0.5830395637462081,0.5989618254692474,0.395641404359291,0.10236731776794372,0.19258654893686375
llvip_ir,external_data/LLVIP_ir/LLVIP/infrared/train,96,1.0,0.8,cubic,0.0,0.0,0.0,0.6053446888632296,0.5904641449067894,0.6008805256762975,0.40430905592317384,0.10859137663240159,0.19354089985912046
llvip_ir,external_data/LLVIP_ir/LLVIP/infrared/train,96,1.0,0.8,area,0.0,0.0,0.0,0.6108613190847464,0.5815772325341575,0.6020760931195697,0.3814003469112019,0.09102049545847275,0.1909653642990937
llvip_ir,external_data/LLVIP_ir/LLVIP/infrared/train,96,1.0,0.8,linear,0.0,0.0,0.0,0.6108613190847464,0.5815772325341575,0.6020760931195697,0.3814003469112019,0.09102049545847275,0.1909653642990937
flir_iisr_hr,external_data/FLIR-IISR/FLIR-IISR/HR,96,1.0,0.8,area,0.0,0.25,0.03,0.6238462573675373,0.5517365030195202,0.6022133310631321,0.24086942678938308,0.040395638612808156,0.17856986440407732
flir_iisr_hr,external_data/FLIR-IISR/FLIR-IISR/HR,96,1.0,0.8,linear,0.0,0.25,0.03,0.6238462573675373,0.5517365030195202,0.6022133310631321,0.24086942678938308,0.040395638612808156,0.17856986440407732
llvip_ir,external_data/LLVIP_ir/LLVIP/infrared/train,96,1.0,0.5,area,0.0,0.0,0.0,0.6060058001557578,0.5949119671759263,0.6026776502618083,0.4102052488985161,0.11538225430512204,0.19439226536390683
llvip_ir,external_data/LLVIP_ir/LLVIP/infrared/train,96,1.0,0.5,linear,0.0,0.0,0.0,0.6060058001557578,0.5949119671759263,0.6026776502618083,0.4102052488985161,0.11538225430512204,0.19439226536390683
flir_iisr_hr,external_data/FLIR-IISR/FLIR-IISR/HR,96,1.0,0.8,area,0.1,0.0,0.03,0.6223562580755593,0.5665524892806035,0.6056151274370726,0.23986033839173615,0.039572893580683915,0.1792368897392104
flir_iisr_hr,external_data/FLIR-IISR/FLIR-IISR/HR,96,1.0,0.8,linear,0.1,0.0,0.03,0.6223562580755593,0.5665524892806035,0.6056151274370726,0.23986033839173615,0.039572893580683915,0.1792368897392104
llvip_ir,external_data/LLVIP_ir/LLVIP/infrared/train,96,1.0,0.65,cubic,0.0,0.0,0.0,0.6085762580272073,0.6038101815662946,0.6071464350889335,0.4207714218646288,0.12370549561303641,0.19563321047462523
flir_iisr_hr,external_data/FLIR-IISR/FLIR-IISR/HR,96,1.0,0.8,cubic,0.1,0.25,0.03,0.6266680170687252,0.5686725443894994,0.6092693752649574,0.2416024172368149,0.047220853525323646,0.1746288063004613
llvip_ir,external_data/LLVIP_ir/LLVIP/infrared/train,96,1.0,0.5,cubic,0.1,0.0,0.03,0.6046895332680811,0.6473115397689725,0.6174761352183484,0.44709249834219617,0.1409807728610915,0.20158778922632337
flir_iisr_hr,external_data/FLIR-IISR/FLIR-IISR/HR,96,1.0,0.8,area,0.0,0.0,0.0,0.6389332481290089,0.5700615104277317,0.6182717268186256,0.24272163095884025,0.040099021790417334,0.17660558231485388
flir_iisr_hr,external_data/FLIR-IISR/FLIR-IISR/HR,96,1.0,0.8,linear,0.0,0.0,0.0,0.6389332481290089,0.5700615104277317,0.6182717268186256,0.24272163095884025,0.040099021790417334,0.17660558231485388
flir_iisr_hr,external_data/FLIR-IISR/FLIR-IISR/HR,96,1.0,0.8,area,0.1,0.25,0.0,0.6494563759325459,0.5658611266722077,0.6243778011544444,0.23923273850232363,0.04001397589896572,0.1761693855126699
flir_iisr_hr,external_data/FLIR-IISR/FLIR-IISR/HR,96,1.0,0.8,linear,0.1,0.25,0.0,0.6494563759325459,0.5658611266722077,0.6243778011544444,0.23923273850232363,0.04001397589896572,0.1761693855126699
flir_iisr_hr,external_data/FLIR-IISR/FLIR-IISR/HR,96,1.0,0.65,area,0.1,0.25,0.03,0.6420333111818004,0.5832500978020296,0.6243983471678691,0.2378802977812787,0.04474086810519965,0.17424585561578473
flir_iisr_hr,external_data/FLIR-IISR/FLIR-IISR/HR,96,1.0,0.65,linear,0.1,0.25,0.03,0.6420333111818004,0.5832500978020296,0.6243983471678691,0.2378802977812787,0.04474086810519965,0.17424585561578473
llvip_ir,external_data/LLVIP_ir/LLVIP/infrared/train,96,1.0,0.5,cubic,0.0,0.25,0.03,0.6105828016107424,0.6571851570974907,0.6245635082567669,0.4503765964570145,0.14158133695716027,0.20268905620711544
thermalkaist,external_data/ThermalKaist/thermalKaist/JPEGImages,96,1.0,0.5,cubic,0.1,0.25,0.03,0.628680366716017,0.6188219474984735,0.6257228409507539,0.21091457176953554,0.022356934710348265,0.2111371208447963
llvip_ir,external_data/LLVIP_ir/LLVIP/infrared/train,96,1.0,0.5,cubic,0.0,0.25,0.0,0.6156769378421704,0.6561605697923972,0.6278220274272384,0.4505845461972058,0.14140293284173305,0.2018506657332182
llvip_ir,external_data/LLVIP_ir/LLVIP/infrared/train,96,1.0,0.5,cubic,0.1,0.25,0.0,0.6109684416686196,0.6708985148179764,0.6289474636134267,0.46487355201194686,0.14360121241886434,0.20750736872044703
llvip_ir,external_data/LLVIP_ir/LLVIP/infrared/train,96,1.0,0.5,cubic,0.0,0.0,0.0,0.6246070396185944,0.6505488393644092,0.6323895795423389,0.43804228367904824,0.14170120033297928,0.19806028227321804
llvip_ir,external_data/LLVIP_ir/LLVIP/infrared/train,96,1.0,0.5,cubic,0.1,0.25,0.03,0.6298728045349824,0.6599223479074879,0.638887667546734,0.4581320903574427,0.14087491809552835,0.20595091534778476
llvip_ir,external_data/LLVIP_ir/LLVIP/infrared/train,96,1.0,0.5,cubic,0.0,0.0,0.03,0.6223281940021133,0.6806828588907186,0.6398345934686948,0.4643552654112379,0.1416585811933597,0.2082161077608665
llvip_ir,external_data/LLVIP_ir/LLVIP/infrared/train,96,1.0,0.5,cubic,0.1,0.0,0.0,0.6232148293726368,0.6829765095569884,0.6411433334279423,0.4643865044539173,0.14199033063482555,0.20826344230833152
thermalkaist,external_data/ThermalKaist/thermalKaist/JPEGImages,96,1.0,0.65,cubic,0.1,0.25,0.03,0.6474811221495311,0.6347579126074286,0.6436641592869004,0.20475864736363292,0.019519961705955907,0.21062832372263074
thermalkaist,external_data/ThermalKaist/thermalKaist/JPEGImages,96,1.0,0.5,area,0.1,0.25,0.03,0.6553543296456303,0.6412628446254769,0.6511268841395843,0.20171753433533013,0.0185246714526028,0.21040440948369601
thermalkaist,external_data/ThermalKaist/thermalKaist/JPEGImages,96,1.0,0.5,linear,0.1,0.25,0.03,0.6553543296456303,0.6412628446254769,0.6511268841395843,0.20171753433533013,0.0185246714526028,0.21040440948369601
thermalkaist,external_data/ThermalKaist/thermalKaist/JPEGImages,96,1.0,0.5,cubic,0.1,0.0,0.0,0.669562151800992,0.6092890737464947,0.6514802283846427,0.2081887119760116,0.022254739166535375,0.20991409368192157
thermalkaist,external_data/ThermalKaist/thermalKaist/JPEGImages,96,1.0,0.5,cubic,0.0,0.0,0.03,0.6694565164050912,0.6095798640101446,0.6514935206866073,0.20823413544955352,0.022237544103603662,0.21001693963383636
thermalkaist,external_data/ThermalKaist/thermalKaist/JPEGImages,96,1.0,0.5,cubic,0.0,0.25,0.03,0.6746333502131132,0.6063870102961728,0.6541594482380311,0.21200959112805626,0.022218522424405543,0.2134464691237857
flir_iisr_hr,external_data/FLIR-IISR/FLIR-IISR/HR,96,1.0,0.8,area,0.1,0.25,0.03,0.6728091622513729,0.612278371142643,0.6546499249187538,0.23094255880763134,0.03950039698780858,0.17351405353595814
flir_iisr_hr,external_data/FLIR-IISR/FLIR-IISR/HR,96,1.0,0.8,linear,0.1,0.25,0.03,0.6728091622513729,0.612278371142643,0.6546499249187538,0.23094255880763134,0.03950039698780858,0.17351405353595814
thermalkaist,external_data/ThermalKaist/thermalKaist/JPEGImages,96,1.0,0.8,cubic,0.1,0.25,0.03,0.6646242689858312,0.6486055352517757,0.6598186488656145,0.19915213575586677,0.017164812775551642,0.2101644097516934
thermalkaist,external_data/ThermalKaist/thermalKaist/JPEGImages,96,1.0,0.65,area,0.1,0.25,0.03,0.6706005816977889,0.6541147797255208,0.6656548411061084,0.19667379177796343,0.016444623640909053,0.20998218057987592
thermalkaist,external_data/ThermalKaist/thermalKaist/JPEGImages,96,1.0,0.65,linear,0.1,0.25,0.03,0.6706005816977889,0.6541147797255208,0.6656548411061084,0.19667379177796343,0.016444623640909053,0.20998218057987592
thermalkaist,external_data/ThermalKaist/thermalKaist/JPEGImages,96,1.0,0.5,cubic,0.1,0.25,0.0,0.6750071002430719,0.6497830891162867,0.6674398969050362,0.2050291080183039,0.022534198937837757,0.20556323525185385
thermalkaist,external_data/ThermalKaist/thermalKaist/JPEGImages,96,1.0,0.65,cubic,0.0,0.0,0.03,0.6873573467284642,0.6262192958176626,0.6690159314552236,0.2022059732892861,0.0194280638147958,0.20951709663495421
thermalkaist,external_data/ThermalKaist/thermalKaist/JPEGImages,96,1.0,0.65,cubic,0.1,0.0,0.0,0.6877053706238998,0.6260390698853362,0.6692054804023307,0.20210108106645444,0.019432550398414527,0.20941759444152316
thermalkaist,external_data/ThermalKaist/thermalKaist/JPEGImages,96,1.0,0.65,cubic,0.0,0.25,0.03,0.6919692080400864,0.6221548173258539,0.6710248908258166,0.20582935074344277,0.019410268046312244,0.21294072029801706
thermalkaist,external_data/ThermalKaist/thermalKaist/JPEGImages,96,1.0,0.5,area,0.0,0.0,0.03,0.6943681082561565,0.6329796014305462,0.6759515562084734,0.19922838631706932,0.01844271198710139,0.20929489300275841
thermalkaist,external_data/ThermalKaist/thermalKaist/JPEGImages,96,1.0,0.5,linear,0.0,0.0,0.03,0.6943681082561565,0.6329796014305462,0.6759515562084734,0.19922838631706932,0.01844271198710139,0.20929489300275841
thermalkaist,external_data/ThermalKaist/thermalKaist/JPEGImages,96,1.0,0.5,area,0.1,0.0,0.0,0.6948925332372942,0.6330293812636991,0.6763335876452157,0.19904851005412638,0.018436316940790055,0.2091941840481013
thermalkaist,external_data/ThermalKaist/thermalKaist/JPEGImages,96,1.0,0.5,linear,0.1,0.0,0.0,0.6948925332372942,0.6330293812636991,0.6763335876452157,0.19904851005412638,0.018436316940790055,0.2091941840481013
thermalkaist,external_data/ThermalKaist/thermalKaist/JPEGImages,96,1.0,0.5,area,0.0,0.25,0.03,0.6989572711692478,0.6282807526102876,0.6777543156015597,0.2027730889773617,0.018424514322951627,0.21271483266415694
thermalkaist,external_data/ThermalKaist/thermalKaist/JPEGImages,96,1.0,0.5,linear,0.0,0.25,0.03,0.6989572711692478,0.6282807526102876,0.6777543156015597,0.2027730889773617,0.018424514322951627,0.21271483266415694
thermalkaist,external_data/ThermalKaist/thermalKaist/JPEGImages,96,1.0,0.8,area,0.1,0.25,0.03,0.6846054148022409,0.6664134925388064,0.6791478381232106,0.19193960151945552,0.014664649222405776,0.2095906159374863
thermalkaist,external_data/ThermalKaist/thermalKaist/JPEGImages,96,1.0,0.8,linear,0.1,0.25,0.03,0.6846054148022409,0.6664134925388064,0.6791478381232106,0.19193960151945552,0.014664649222405776,0.2095906159374863
thermalkaist,external_data/ThermalKaist/thermalKaist/JPEGImages,96,1.0,0.8,cubic,0.0,0.0,0.03,0.7031752446991277,0.6404548443015905,0.6843591245798666,0.1967418505034099,0.01710177355551058,0.2090610689483583
thermalkaist,external_data/ThermalKaist/thermalKaist/JPEGImages,96,1.0,0.8,cubic,0.1,0.0,0.0,0.7036945517421113,0.6409620885074517,0.6848748127717134,0.19653093876938024,0.017083610155756736,0.20895628087843457
thermalkaist,external_data/ThermalKaist/thermalKaist/JPEGImages,96,1.0,0.65,cubic,0.1,0.25,0.0,0.6931755698177005,0.66741924556395,0.6854486725415753,0.19899291335605085,0.01966646623631206,0.20507095816234747
thermalkaist,external_data/ThermalKaist/thermalKaist/JPEGImages,96,1.0,0.8,cubic,0.0,0.25,0.03,0.7077443147527289,0.6359664887034652,0.6862109669379497,0.2002265346236527,0.017085335558272727,0.21247904390717545
thermalkaist,external_data/ThermalKaist/thermalKaist/JPEGImages,96,1.0,0.5,cubic,0.1,0.0,0.03,0.7040857254938399,0.6519885810830472,0.688456582170602,0.20229202470121285,0.02271677749530758,0.20325825301309428
thermalkaist,external_data/ThermalKaist/thermalKaist/JPEGImages,96,1.0,0.65,area,0.0,0.0,0.03,0.709178961289492,0.6461950438106718,0.690283786045846,0.19429330923594534,0.016378566362570342,0.20887820655480027
thermalkaist,external_data/ThermalKaist/thermalKaist/JPEGImages,96,1.0,0.65,linear,0.0,0.0,0.03,0.709178961289492,0.6461950438106718,0.690283786045846,0.19429330923594534,0.016378566362570342,0.20887820655480027
thermalkaist,external_data/ThermalKaist/thermalKaist/JPEGImages,96,1.0,0.65,area,0.1,0.0,0.0,0.709393579941416,0.6463633617076351,0.6904845144712817,0.1941280389825503,0.016372449096428904,0.2087787939235568
thermalkaist,external_data/ThermalKaist/thermalKaist/JPEGImages,96,1.0,0.65,linear,0.1,0.0,0.0,0.709393579941416,0.6463633617076351,0.6904845144712817,0.1941280389825503,0.016372449096428904,0.2087787939235568
thermalkaist,external_data/ThermalKaist/thermalKaist/JPEGImages,96,1.0,0.65,area,0.0,0.25,0.03,0.7133415296971838,0.6409215954794022,0.6916155494318493,0.19771208482173583,0.016362579274740045,0.2122931678313762
thermalkaist,external_data/ThermalKaist/thermalKaist/JPEGImages,96,1.0,0.65,linear,0.0,0.25,0.03,0.7133415296971838,0.6409215954794022,0.6916155494318493,0.19771208482173583,0.016362579274740045,0.2122931678313762
thermalkaist,external_data/ThermalKaist/thermalKaist/JPEGImages,96,1.0,0.5,area,0.1,0.25,0.0,0.7008943556945273,0.6748493792811519,0.6930808627705146,0.1960225726943463,0.01865375962834319,0.20485266383426884
thermalkaist,external_data/ThermalKaist/thermalKaist/JPEGImages,96,1.0,0.5,linear,0.1,0.25,0.0,0.7008943556945273,0.6748493792811519,0.6930808627705146,0.1960225726943463,0.01865375962834319,0.20485266383426884
thermalkaist,external_data/ThermalKaist/thermalKaist/JPEGImages,96,1.0,0.8,cubic,0.1,0.25,0.0,0.7087228549187516,0.6826540117612103,0.7009022019714892,0.19354897116621336,0.017298024712321638,0.20462355956745645
thermalkaist,external_data/ThermalKaist/thermalKaist/JPEGImages,96,1.0,0.8,area,0.0,0.0,0.03,0.7224180382215124,0.6584552962796932,0.7032292156389666,0.18967308523133397,0.014618117184599072,0.20849301860046884
thermalkaist,external_data/ThermalKaist/thermalKaist/JPEGImages,96,1.0,0.8,linear,0.0,0.0,0.03,0.7224180382215124,0.6584552962796932,0.7032292156389666,0.18967308523133397,0.014618117184599072,0.20849301860046884
thermalkaist,external_data/ThermalKaist/thermalKaist/JPEGImages,96,1.0,0.8,area,0.1,0.0,0.0,0.7229757162981522,0.6586090836870786,0.7036657265148301,0.189458926829199,0.014598017676434974,0.20838963131730756
thermalkaist,external_data/ThermalKaist/thermalKaist/JPEGImages,96,1.0,0.8,linear,0.1,0.0,0.0,0.7229757162981522,0.6586090836870786,0.7036657265148301,0.189458926829199,0.014598017676434974,0.20838963131730756
thermalkaist,external_data/ThermalKaist/thermalKaist/JPEGImages,96,1.0,0.8,area,0.0,0.25,0.03,0.7268056112483636,0.6518954214648681,0.704332554313315,0.19296935154125094,0.014602113865096888,0.21190427507584295
thermalkaist,external_data/ThermalKaist/thermalKaist/JPEGImages,96,1.0,0.8,linear,0.0,0.25,0.03,0.7268056112483636,0.6518954214648681,0.704332554313315,0.19296935154125094,0.014602113865096888,0.21190427507584295
thermalkaist,external_data/ThermalKaist/thermalKaist/JPEGImages,96,1.0,0.5,cubic,0.0,0.25,0.0,0.7260939543730828,0.6615972840348745,0.7067449532716202,0.20011798746418208,0.02222767399162809,0.20216425547065833
thermalkaist,external_data/ThermalKaist/thermalKaist/JPEGImages,96,1.0,0.65,area,0.1,0.25,0.0,0.7149932405125385,0.6891231882770187,0.7072322248418826,0.19108045403845608,0.016548695154337625,0.2044411477011939
thermalkaist,external_data/ThermalKaist/thermalKaist/JPEGImages,96,1.0,0.65,linear,0.1,0.25,0.0,0.7149932405125385,0.6891231882770187,0.7072322248418826,0.19108045403845608,0.016548695154337625,0.2044411477011939
thermalkaist,external_data/ThermalKaist/thermalKaist/JPEGImages,96,1.0,0.65,cubic,0.1,0.0,0.03,0.7235456593935405,0.6705094014140403,0.7076347819996904,0.19627695980792245,0.019802764763811032,0.20276676141656935
thermalkaist,external_data/ThermalKaist/thermalKaist/JPEGImages,96,1.0,0.5,cubic,0.0,0.0,0.0,0.7322915739212292,0.65476364356424,0.7090331948141325,0.2019632731874784,0.022276184846667643,0.20322165133741996
thermalkaist,external_data/ThermalKaist/thermalKaist/JPEGImages,96,1.0,0.5,area,0.1,0.0,0.03,0.7312197924523398,0.6781202700900574,0.7152899357436551,0.19333281678458056,0.018794401918657798,0.20255073253065348
thermalkaist,external_data/ThermalKaist/thermalKaist/JPEGImages,96,1.0,0.5,linear,0.1,0.0,0.03,0.7312197924523398,0.6781202700900574,0.7152899357436551,0.19333281678458056,0.018794401918657798,0.20255073253065348
thermalkaist,external_data/ThermalKaist/thermalKaist/JPEGImages,96,1.0,0.8,area,0.1,0.25,0.0,0.7276951312903702,0.7020388271585013,0.7199982400508095,0.18649002793245018,0.01476318796355676,0.20406291261315346
thermalkaist,external_data/ThermalKaist/thermalKaist/JPEGImages,96,1.0,0.8,linear,0.1,0.25,0.0,0.7276951312903702,0.7020388271585013,0.7199982400508095,0.18649002793245018,0.01476318796355676,0.20406291261315346
thermalkaist,external_data/ThermalKaist/thermalKaist/JPEGImages,96,1.0,0.8,cubic,0.1,0.0,0.03,0.7399618860916068,0.6862812929429953,0.7238577081470234,0.19087123249967894,0.017412461811601696,0.20231947302818298
thermalkaist,external_data/ThermalKaist/thermalKaist/JPEGImages,96,1.0,0.65,cubic,0.0,0.25,0.0,0.7440295376818515,0.6792500074263698,0.7245956786052069,0.19427486272373548,0.01942092781384676,0.20169050944969058
thermalkaist,external_data/ThermalKaist/thermalKaist/JPEGImages,96,1.0,0.65,cubic,0.0,0.0,0.0,0.7505409364720609,0.6713243201245727,0.7267759515678144,0.19601289361404875,0.01945103613193057,0.2027435228228569
thermalkaist,external_data/ThermalKaist/thermalKaist/JPEGImages,96,1.0,0.65,area,0.1,0.0,0.03,0.7462213393949236,0.6925595005720487,0.730122787748061,0.1884277198308458,0.016658469017814006,0.2021404014279445
thermalkaist,external_data/ThermalKaist/thermalKaist/JPEGImages,96,1.0,0.65,linear,0.1,0.0,0.03,0.7462213393949236,0.6925595005720487,0.730122787748061,0.1884277198308458,0.016658469017814006,0.2021404014279445
thermalkaist,external_data/ThermalKaist/thermalKaist/JPEGImages,96,1.0,0.5,area,0.0,0.25,0.0,0.7511670738516404,0.686629697034385,0.7318058608064638,0.19138280492431173,0.018435884680747815,0.20147857384290546
thermalkaist,external_data/ThermalKaist/thermalKaist/JPEGImages,96,1.0,0.5,linear,0.0,0.25,0.0,0.7511670738516404,0.686629697034385,0.7318058608064638,0.19138280492431173,0.018435884680747815,0.20147857384290546
thermalkaist,external_data/ThermalKaist/thermalKaist/JPEGImages,96,1.0,0.5,area,0.0,0.0,0.0,0.7578490816170325,0.6782782988743831,0.7339778467942376,0.1931228421162814,0.018466658904668032,0.20253152260556817
thermalkaist,external_data/ThermalKaist/thermalKaist/JPEGImages,96,1.0,0.5,linear,0.0,0.0,0.0,0.7578490816170325,0.6782782988743831,0.7339778467942376,0.1931228421162814,0.018466658904668032,0.20253152260556817
thermalkaist,external_data/ThermalKaist/thermalKaist/JPEGImages,96,1.0,0.8,cubic,0.0,0.25,0.0,0.7597466124860909,0.6945374341149481,0.7401838589747479,0.18895939062349498,0.017095153548491657,0.20125649702580026
thermalkaist,external_data/ThermalKaist/thermalKaist/JPEGImages,96,1.0,0.8,cubic,0.0,0.0,0.0,0.7661209995385962,0.6858590476770496,0.7420424139801322,0.19070076771701375,0.017123550027635576,0.20230419863946736
thermalkaist,external_data/ThermalKaist/thermalKaist/JPEGImages,96,1.0,0.8,area,0.1,0.0,0.03,0.7601394045023534,0.7058725013406065,0.7438593335538293,0.18386858825882277,0.014853897728099355,0.20176474330946803
thermalkaist,external_data/ThermalKaist/thermalKaist/JPEGImages,96,1.0,0.8,linear,0.1,0.0,0.03,0.7601394045023534,0.7058725013406065,0.7438593335538293,0.18386858825882277,0.014853897728099355,0.20176474330946803
thermalkaist,external_data/ThermalKaist/thermalKaist/JPEGImages,96,1.0,0.65,area,0.0,0.25,0.0,0.7658895281600115,0.7007847553441297,0.746358096315247,0.18657766038086265,0.016372838813290682,0.20108139487759522
thermalkaist,external_data/ThermalKaist/thermalKaist/JPEGImages,96,1.0,0.65,linear,0.0,0.25,0.0,0.7658895281600115,0.7007847553441297,0.746358096315247,0.18657766038086265,0.016372838813290682,0.20108139487759522
thermalkaist,external_data/ThermalKaist/thermalKaist/JPEGImages,96,1.0,0.65,area,0.0,0.0,0.0,0.7715602550661426,0.6914792910283923,0.7475359658548175,0.1882979852768282,0.016396198032998254,0.20212853575746217
thermalkaist,external_data/ThermalKaist/thermalKaist/JPEGImages,96,1.0,0.65,linear,0.0,0.0,0.0,0.7715602550661426,0.6914792910283923,0.7475359658548175,0.1882979852768282,0.016396198032998254,0.20212853575746217
thermalkaist,external_data/ThermalKaist/thermalKaist/JPEGImages,96,1.0,0.8,area,0.0,0.25,0.0,0.7792586364582119,0.7135712704601119,0.7595524266587819,0.18208054348360747,0.014612784994973843,0.2007142421013365
thermalkaist,external_data/ThermalKaist/thermalKaist/JPEGImages,96,1.0,0.8,linear,0.0,0.25,0.0,0.7792586364582119,0.7135712704601119,0.7595524266587819,0.18208054348360747,0.014612784994973843,0.2007142421013365
thermalkaist,external_data/ThermalKaist/thermalKaist/JPEGImages,96,1.0,0.8,area,0.0,0.0,0.0,0.7847178562891856,0.7035019846575158,0.7603530947996846,0.18378830848572156,0.014632189607189441,0.2017561902757734
thermalkaist,external_data/ThermalKaist/thermalKaist/JPEGImages,96,1.0,0.8,linear,0.0,0.0,0.0,0.7847178562891856,0.7035019846575158,0.7603530947996846,0.18378830848572156,0.014632189607189441,0.2017561902757734
irab_t,external_data/IRAB-T/IRAB-T/Yolo/train,73,1.0,0.5,cubic,0.0,0.25,0.03,1.6661153644482047,1.5651161878200255,1.6358156114597509,0.06664309354677592,0.00810092583852713,0.16526259165512372
irab_t,external_data/IRAB-T/IRAB-T/Yolo/train,73,1.0,0.65,cubic,0.0,0.25,0.03,1.6720494268124222,1.5705540065776677,1.6416008007419958,0.0650976639087886,0.0069546079570733,0.16512463007071246
irab_t,external_data/IRAB-T/IRAB-T/Yolo/train,73,1.0,0.5,area,0.0,0.25,0.03,1.6741928366598833,1.572623173124951,1.6437219375994034,0.06437655158136805,0.006478898426326789,0.1650469887950649
irab_t,external_data/IRAB-T/IRAB-T/Yolo/train,73,1.0,0.5,linear,0.0,0.25,0.03,1.6741928366598833,1.572623173124951,1.6437219375994034,0.06437655158136805,0.006478898426326789,0.1650469887950649
irab_t,external_data/IRAB-T/IRAB-T/Yolo/train,73,1.0,0.8,cubic,0.0,0.25,0.03,1.6761127237851396,1.5742877866098353,1.6455652426325482,0.06380218798167085,0.006029490078622707,0.16498867473373674
irab_t,external_data/IRAB-T/IRAB-T/Yolo/train,73,1.0,0.65,area,0.0,0.25,0.03,1.6777103440108863,1.575862992445206,1.647156138541182,0.0632199332475254,0.00568075490102537,0.16492472384890464
irab_t,external_data/IRAB-T/IRAB-T/Yolo/train,73,1.0,0.65,linear,0.0,0.25,0.03,1.6777103440108863,1.575862992445206,1.647156138541182,0.0632199332475254,0.00568075490102537,0.16492472384890464
irab_t,external_data/IRAB-T/IRAB-T/Yolo/train,73,1.0,0.5,cubic,0.1,0.0,0.0,1.6800861075348144,1.5788372498024514,1.6497114502151056,0.06565692724838648,0.007927675234150834,0.1671903766181371
irab_t,external_data/IRAB-T/IRAB-T/Yolo/train,73,1.0,0.8,area,0.0,0.25,0.03,1.6805508026218479,1.5785157169572452,1.649940276922467,0.06219570065708193,0.005014562110091806,0.1648077049279866
irab_t,external_data/IRAB-T/IRAB-T/Yolo/train,73,1.0,0.8,linear,0.0,0.25,0.03,1.6805508026218479,1.5785157169572452,1.649940276922467,0.06219570065708193,0.005014562110091806,0.1648077049279866
irab_t,external_data/IRAB-T/IRAB-T/Yolo/train,73,1.0,0.5,cubic,0.1,0.25,0.03,1.6835638168693656,1.5756539460036165,1.6511908556096406,0.06612076896102462,0.008246906083571095,0.16372571962132845
irab_t,external_data/IRAB-T/IRAB-T/Yolo/train,73,1.0,0.5,cubic,0.0,0.0,0.03,1.6824016131866368,1.580796528065335,1.6519200876502462,0.0656294721140437,0.007901635361396046,0.16710577823527872
irab_t,external_data/IRAB-T/IRAB-T/Yolo/train,73,1.0,0.65,cubic,0.0,0.0,0.03,1.6875727771257594,1.585906458585159,1.6570728815635793,0.06397714159668308,0.006762016902397668,0.16696424190312215
irab_t,external_data/IRAB-T/IRAB-T/Yolo/train,73,1.0,0.65,cubic,0.1,0.25,0.03,1.6895779727987954,1.581385179185179,1.6571201347147104,0.06454704252824392,0.007063936331036973,0.16359040743275866
irab_t,external_data/IRAB-T/IRAB-T/Yolo/train,73,1.0,0.65,cubic,0.1,0.0,0.0,1.688082102227314,1.5863818575306858,1.6575720288183255,0.0639398312323714,0.006804367098035715,0.16706192432201072
irab_t,external_data/IRAB-T/IRAB-T/Yolo/train,73,1.0,0.5,area,0.0,0.0,0.03,1.689618252071295,1.5879914960418795,1.6591302252624702,0.06322657577183148,0.006297311165393708,0.16688634638916955
irab_t,external_data/IRAB-T/IRAB-T/Yolo/train,73,1.0,0.5,linear,0.0,0.0,0.03,1.689618252071295,1.5879914960418795,1.6591302252624702,0.06322657577183148,0.006297311165393708,0.16688634638916955
irab_t,external_data/IRAB-T/IRAB-T/Yolo/train,73,1.0,0.5,area,0.1,0.25,0.03,1.6917380357928233,1.5835763981891138,1.6592895445117102,0.06383010073985955,0.00657313907769081,0.1635139462576337
irab_t,external_data/IRAB-T/IRAB-T/Yolo/train,73,1.0,0.5,linear,0.1,0.25,0.03,1.6917380357928233,1.5835763981891138,1.6592895445117102,0.06383010073985955,0.00657313907769081,0.1635139462576337
irab_t,external_data/IRAB-T/IRAB-T/Yolo/train,73,1.0,0.5,area,0.1,0.0,0.0,1.6903764483248558,1.5886894207480455,1.6598703400518127,0.06315024370608265,0.006331654648769777,0.16698682338815846
irab_t,external_data/IRAB-T/IRAB-T/Yolo/train,73,1.0,0.5,linear,0.1,0.0,0.0,1.6903764483248558,1.5886894207480455,1.6598703400518127,0.06315024370608265,0.006331654648769777,0.16698682338815846
irab_t,external_data/IRAB-T/IRAB-T/Yolo/train,73,1.0,0.8,cubic,0.0,0.0,0.03,1.6908355917050188,1.5892785752005045,1.6603684867536646,0.06269146425470914,0.005865315817521254,0.16682924309821978
irab_t,external_data/IRAB-T/IRAB-T/Yolo/train,73,1.0,0.8,cubic,0.1,0.25,0.03,1.6936061756756664,1.5854192716121254,1.661150104456604,0.06324741134598647,0.00610076793988475,0.1634509990068331
irab_t,external_data/IRAB-T/IRAB-T/Yolo/train,73,1.0,0.8,cubic,0.1,0.0,0.0,1.6920372503707957,1.5903331731408692,1.6615260272018175,0.06262729669066325,0.0058926138332623616,0.1669275490184353
irab_t,external_data/IRAB-T/IRAB-T/Yolo/train,73,1.0,0.65,area,0.0,0.0,0.03,1.6923747186239317,1.5908622281093023,1.6619209714695429,0.06209333562483526,0.005524100141353904,0.1667651750453531
irab_t,external_data/IRAB-T/IRAB-T/Yolo/train,73,1.0,0.65,linear,0.0,0.0,0.03,1.6923747186239317,1.5908622281093023,1.6619209714695429,0.06209333562483526,0.005524100141353904,0.1667651750453531
irab_t,external_data/IRAB-T/IRAB-T/Yolo/train,73,1.0,0.65,area,0.1,0.25,0.03,1.6953079751969304,1.5870171418848094,1.662820725203294,0.06267247305647151,0.005743385522492503,0.16338673381976884
irab_t,external_data/IRAB-T/IRAB-T/Yolo/train,73,1.0,0.65,linear,0.1,0.25,0.03,1.6953079751969304,1.5870171418848094,1.662820725203294,0.06267247305647151,0.005743385522492503,0.16338673381976884
irab_t,external_data/IRAB-T/IRAB-T/Yolo/train,73,1.0,0.65,area,0.1,0.0,0.0,1.6936733239892376,1.5920126244567903,1.6631751141295035,0.06203874904815465,0.005551926688021955,0.1668647418487562
irab_t,external_data/IRAB-T/IRAB-T/Yolo/train,73,1.0,0.65,linear,0.1,0.0,0.0,1.6936733239892376,1.5920126244567903,1.6631751141295035,0.06203874904815465,0.005551926688021955,0.1668647418487562
irab_t,external_data/IRAB-T/IRAB-T/Yolo/train,73,1.0,0.8,area,0.0,0.0,0.03,1.6946698001482137,1.5932800836483998,1.6642528851982694,0.06104832846824437,0.004874432199053859,0.16664947110087905
irab_t,external_data/IRAB-T/IRAB-T/Yolo/train,73,1.0,0.8,linear,0.0,0.0,0.03,1.6946698001482137,1.5932800836483998,1.6642528851982694,0.06104832846824437,0.004874432199053859,0.16664947110087905
irab_t,external_data/IRAB-T/IRAB-T/Yolo/train,73,1.0,0.8,area,0.1,0.0,0.0,1.69598566478857,1.5944485183115693,1.6655245208454699,0.06100361212475659,0.004893425436425065,0.16674712320713148
irab_t,external_data/IRAB-T/IRAB-T/Yolo/train,73,1.0,0.8,linear,0.1,0.0,0.0,1.69598566478857,1.5944485183115693,1.6655245208454699,0.06100361212475659,0.004893425436425065,0.16674712320713148
irab_t,external_data/IRAB-T/IRAB-T/Yolo/train,73,1.0,0.8,area,0.1,0.25,0.03,1.6981639614236397,1.5898008224992397,1.6656550197463196,0.061650800352839576,0.005056355141364201,0.1632686532931785
irab_t,external_data/IRAB-T/IRAB-T/Yolo/train,73,1.0,0.8,linear,0.1,0.25,0.03,1.6981639614236397,1.5898008224992397,1.6656550197463196,0.061650800352839576,0.005056355141364201,0.1632686532931785
irab_t,external_data/IRAB-T/IRAB-T/Yolo/train,73,1.0,0.5,cubic,0.1,0.25,0.0,1.7006832664827432,1.5868732127842666,1.6665402503732003,0.06432734654374318,0.008137099959051663,0.15891739338228147
irab_t,external_data/IRAB-T/IRAB-T/Yolo/train,73,1.0,0.5,cubic,0.0,0.25,0.0,1.7003404289359363,1.5904778614870576,1.6673816587012726,0.06471546491837665,0.008024631566876873,0.1605097991350579
irab_t,external_data/IRAB-T/IRAB-T/Yolo/train,73,1.0,0.65,cubic,0.1,0.25,0.0,1.7067831911141145,1.592864199621664,1.672607493666379,0.06282052453862477,0.006977870370807007,0.15878284834835626
irab_t,external_data/IRAB-T/IRAB-T/Yolo/train,73,1.0,0.65,cubic,0.0,0.25,0.0,1.706220179539902,1.5958881677085819,1.673120575990506,0.06322739903547175,0.006873757172530615,0.16037402199964002
irab_t,external_data/IRAB-T/IRAB-T/Yolo/train,73,1.0,0.5,area,0.1,0.25,0.0,1.7092251041182067,1.5953498153883143,1.675062517499239,0.06212944675185909,0.0064989473965630104,0.15870845613822546
irab_t,external_data/IRAB-T/IRAB-T/Yolo/train,73,1.0,0.5,linear,0.1,0.25,0.0,1.7092251041182067,1.5953498153883143,1.675062517499239,0.06212944675185909,0.0064989473965630104,0.15870845613822546
irab_t,external_data/IRAB-T/IRAB-T/Yolo/train,73,1.0,0.5,area,0.0,0.25,0.0,1.7083316136599573,1.5979352071681383,1.6752126917124115,0.06252707910966383,0.006401767886229755,0.16029873878172
irab_t,external_data/IRAB-T/IRAB-T/Yolo/train,73,1.0,0.5,linear,0.0,0.25,0.0,1.7083316136599573,1.5979352071681383,1.6752126917124115,0.06252707910966383,0.006401767886229755,0.16029873878172
irab_t,external_data/IRAB-T/IRAB-T/Yolo/train,73,1.0,0.8,cubic,0.0,0.25,0.0,1.7100268150683047,1.5995800719003903,1.6768927921179304,0.06196436459479267,0.005943867327717637,0.16023877252862878
irab_t,external_data/IRAB-T/IRAB-T/Yolo/train,73,1.0,0.8,cubic,0.1,0.25,0.0,1.7113255858216614,1.5974662098149677,1.6771677730196533,0.06156036515452274,0.006034462568861609,0.15864895110669203
irab_t,external_data/IRAB-T/IRAB-T/Yolo/train,73,1.0,0.65,area,0.0,0.25,0.0,1.711719300177343,1.6012546006755897,1.6785798903268168,0.06140007234293304,0.005599800688527792,0.16017649965743497
irab_t,external_data/IRAB-T/IRAB-T/Yolo/train,73,1.0,0.65,linear,0.0,0.25,0.0,1.711719300177343,1.6012546006755897,1.6785798903268168,0.06140007234293304,0.005599800688527792,0.16017649965743497
irab_t,external_data/IRAB-T/IRAB-T/Yolo/train,73,1.0,0.65,area,0.1,0.25,0.0,1.712990516093502,1.599160958107255,1.6788416486976279,0.06100549862707314,0.005689936337756595,0.15858559341055073
irab_t,external_data/IRAB-T/IRAB-T/Yolo/train,73,1.0,0.65,linear,0.1,0.25,0.0,1.712990516093502,1.599160958107255,1.6788416486976279,0.06100549862707314,0.005689936337756595,0.15858559341055073
irab_t,external_data/IRAB-T/IRAB-T/Yolo/train,73,1.0,0.8,area,0.0,0.25,0.0,1.7145784290646322,1.6038214018436847,1.6813513208983477,0.0603987358204306,0.004934440297717334,0.16006090787992086
irab_t,external_data/IRAB-T/IRAB-T/Yolo/train,73,1.0,0.8,linear,0.0,0.25,0.0,1.7145784290646322,1.6038214018436847,1.6813513208983477,0.0603987358204306,0.004934440297717334,0.16006090787992086
irab_t,external_data/IRAB-T/IRAB-T/Yolo/train,73,1.0,0.8,area,0.1,0.25,0.0,1.7157764640477382,1.602076822771092,1.681666571664744,0.060004206068099364,0.005010062663711744,0.15846971759240921
irab_t,external_data/IRAB-T/IRAB-T/Yolo/train,73,1.0,0.8,linear,0.1,0.25,0.0,1.7157764640477382,1.602076822771092,1.681666571664744,0.060004206068099364,0.005010062663711744,0.15846971759240921
irab_t,external_data/IRAB-T/IRAB-T/Yolo/train,73,1.0,0.5,cubic,0.0,0.0,0.0,1.727331476874798,1.6127578645712612,1.6929593931837368,0.06249117861463599,0.008220756918504265,0.15752877121510572
irab_t,external_data/IRAB-T/IRAB-T/Yolo/train,73,1.0,0.65,cubic,0.0,0.0,0.0,1.735366987122785,1.620323587505154,1.7008539672374956,0.060770239017597615,0.007016747556839701,0.157400504469055
irab_t,external_data/IRAB-T/IRAB-T/Yolo/train,73,1.0,0.5,area,0.0,0.0,0.0,1.7375047940328274,1.6225179845165911,1.7030087511779564,0.06006009320486082,0.006529799537498962,0.1573275018432369
irab_t,external_data/IRAB-T/IRAB-T/Yolo/train,73,1.0,0.5,linear,0.0,0.0,0.0,1.7375047940328274,1.6225179845165911,1.7030087511779564,0.06006009320486082,0.006529799537498962,0.1573275018432369
irab_t,external_data/IRAB-T/IRAB-T/Yolo/train,73,1.0,0.8,cubic,0.0,0.0,0.0,1.739399070590858,1.6244321118585723,1.704908982971172,0.059555227294155993,0.006062906471781846,0.1572688663863156
irab_t,external_data/IRAB-T/IRAB-T/Yolo/train,73,1.0,0.65,area,0.0,0.0,0.0,1.741016163785964,1.6261163951714996,1.7065462332016246,0.05898873191582014,0.005707107957989787,0.15720859363879244
irab_t,external_data/IRAB-T/IRAB-T/Yolo/train,73,1.0,0.65,linear,0.0,0.0,0.0,1.741016163785964,1.6261163951714996,1.7065462332016246,0.05898873191582014,0.005707107957989787,0.15720859363879244
irab_t,external_data/IRAB-T/IRAB-T/Yolo/train,73,1.0,0.8,area,0.0,0.0,0.0,1.7432929872529173,1.6285481982047239,1.7088695505384592,0.05801344548084148,0.005020164188398929,0.15709388807211835
irab_t,external_data/IRAB-T/IRAB-T/Yolo/train,73,1.0,0.8,linear,0.0,0.0,0.0,1.7432929872529173,1.6285481982047239,1.7088695505384592,0.05801344548084148,0.005020164188398929,0.15709388807211835
irab_t,external_data/IRAB-T/IRAB-T/Yolo/train,73,1.0,0.5,cubic,0.1,0.0,0.03,1.7560526296182322,1.6388390585861057,1.7208885583085942,0.06251684966662975,0.008317935549749429,0.1553787352287606
irab_t,external_data/IRAB-T/IRAB-T/Yolo/train,73,1.0,0.65,cubic,0.1,0.0,0.03,1.7612367143705925,1.644040870611492,1.7260779612428623,0.06097277810108172,0.007100107165044335,0.15524538830943305
irab_t,external_data/IRAB-T/IRAB-T/Yolo/train,73,1.0,0.5,area,0.1,0.0,0.03,1.7635869842474317,1.6464406294313243,1.7284430778025994,0.0602480484402343,0.006598009363149758,0.1551698879019855
irab_t,external_data/IRAB-T/IRAB-T/Yolo/train,73,1.0,0.5,linear,0.1,0.0,0.03,1.7635869842474317,1.6464406294313243,1.7284430778025994,0.0602480484402343,0.006598009363149758,0.1551698879019855
irab_t,external_data/IRAB-T/IRAB-T/Yolo/train,73,1.0,0.8,cubic,0.1,0.0,0.03,1.7653346462136679,1.6482249771654864,1.7302017454992131,0.05969995727175719,0.006115547069491917,0.15510906595481586
irab_t,external_data/IRAB-T/IRAB-T/Yolo/train,73,1.0,0.65,area,0.1,0.0,0.03,1.7671079824452964,1.6500607401076275,1.7319938097439957,0.05912781866547996,0.005754280974320923,0.1550463247176719
irab_t,external_data/IRAB-T/IRAB-T/Yolo/train,73,1.0,0.65,linear,0.1,0.0,0.03,1.7671079824452964,1.6500607401076275,1.7319938097439957,0.05912781866547996,0.005754280974320923,0.1550463247176719
irab_t,external_data/IRAB-T/IRAB-T/Yolo/train,73,1.0,0.8,area,0.1,0.0,0.03,1.7700554400625428,1.6531186273553276,1.734974396250378,0.058111748670878476,0.005054855649794457,0.15492940153161142
irab_t,external_data/IRAB-T/IRAB-T/Yolo/train,73,1.0,0.8,linear,0.1,0.0,0.03,1.7700554400625428,1.6531186273553276,1.734974396250378,0.058111748670878476,0.005054855649794457,0.15492940153161142
